-- MySQL dump 10.13  Distrib 5.7.33, for Linux (x86_64)
--
-- Host: localhost    Database: learn
-- ------------------------------------------------------
-- Server version	5.7.33-0ubuntu0.16.04.1

/*!40101 SET @OLD_CHARACTER_SET_CLIENT=@@CHARACTER_SET_CLIENT */;
/*!40101 SET @OLD_CHARACTER_SET_RESULTS=@@CHARACTER_SET_RESULTS */;
/*!40101 SET @OLD_COLLATION_CONNECTION=@@COLLATION_CONNECTION */;
/*!40101 SET NAMES utf8 */;
/*!40103 SET @OLD_TIME_ZONE=@@TIME_ZONE */;
/*!40103 SET TIME_ZONE='+00:00' */;
/*!40014 SET @OLD_UNIQUE_CHECKS=@@UNIQUE_CHECKS, UNIQUE_CHECKS=0 */;
/*!40014 SET @OLD_FOREIGN_KEY_CHECKS=@@FOREIGN_KEY_CHECKS, FOREIGN_KEY_CHECKS=0 */;
/*!40101 SET @OLD_SQL_MODE=@@SQL_MODE, SQL_MODE='NO_AUTO_VALUE_ON_ZERO' */;
/*!40111 SET @OLD_SQL_NOTES=@@SQL_NOTES, SQL_NOTES=0 */;

--
-- Table structure for table `IntellectualKnowledge`
--

DROP TABLE IF EXISTS `IntellectualKnowledge`;
/*!40101 SET @saved_cs_client     = @@character_set_client */;
/*!40101 SET character_set_client = utf8 */;
CREATE TABLE `IntellectualKnowledge` (
  `id` bigint(20) NOT NULL AUTO_INCREMENT,
  `situation` double DEFAULT NULL,
  `pid` varchar(256) DEFAULT NULL,
  `pname` varchar(256) DEFAULT NULL,
  `kName` varchar(256) DEFAULT NULL,
  `importanceD` varchar(254) DEFAULT NULL,
  `kid` varchar(256) DEFAULT NULL,
  PRIMARY KEY (`id`)
) ENGINE=InnoDB AUTO_INCREMENT=554 DEFAULT CHARSET=utf8mb4;
/*!40101 SET character_set_client = @saved_cs_client */;

--
-- Dumping data for table `IntellectualKnowledge`
--

LOCK TABLES `IntellectualKnowledge` WRITE;
/*!40000 ALTER TABLE `IntellectualKnowledge` DISABLE KEYS */;
INSERT INTO `IntellectualKnowledge` VALUES (278,88.89,'dsbxxwy01','陈东海','分数乘整数','','m050201'),(279,100,'dsbxxwy01','陈东海','分数乘分数','','m050202'),(280,100,'dsbxxwy01','陈东海','小数乘分数及分数混合运算','','m050203'),(281,100,'dsbxxwy01','陈东海','分数乘法解决问题（1）','','m050204'),(282,100,'dsbxxwy01','陈东海','位置与方向','','m050205'),(283,63.64,'dsbxxwy01','陈东海','倒数的认识','','m050206'),(284,83.33,'dsbxxwy01','陈东海','分数除以整数、分数','','m050207'),(285,87.5,'dsbxxwy01','陈东海','分数四则混合运算','','m050208'),(286,75,'dsbxxwy01','陈东海','解决问题','','m050209'),(287,75,'dsbxxwy01','陈东海','比的意义和性质 ','','m050210'),(288,83.33,'dsbxxwy01','陈东海','比的应用','','m050211'),(289,100,'dsbxxwy01','陈东海','圆的认识','','m050212'),(290,83.33,'dsbxxwy01','陈东海','圆的周长','','m050213'),(291,75,'dsbxxwy01','陈东海','圆的面积','','m050214'),(292,100,'dsbxxwy01','陈东海','圆环的面积','','m050215'),(293,100,'dsbxxwy01','陈东海','扇形','','m050216'),(294,85.71,'dsbxxwy01','陈东海','百分数的意义和读写','','m050217'),(295,85.71,'dsbxxwy01','陈东海','百分数、分数和小数互化','','m050218'),(296,87.5,'dsbxxwy01','陈东海','用百分数解决问题（一）','','m050219'),(297,83.33,'dsbxxwy01','陈东海','用百分数解决问题（二）','','m050220'),(298,50,'dsbxxwy01','陈东海','百分数解决问题','','m050221'),(299,80,'dsbxxwy01','陈东海','扇形统计图','','m050222'),(300,50,'dsbxxwy01','陈东海','数与形','','m050223'),(301,100,'dsbxxwy02','赵一冰','分数乘整数','','m050201'),(302,85.71,'dsbxxwy02','赵一冰','分数乘分数','','m050202'),(303,83.33,'dsbxxwy02','赵一冰','小数乘分数及分数混合运算','','m050203'),(304,100,'dsbxxwy02','赵一冰','分数乘法解决问题（1）','','m050204'),(305,66.67,'dsbxxwy02','赵一冰','位置与方向','','m050205'),(306,72.73,'dsbxxwy02','赵一冰','倒数的认识','','m050206'),(307,66.67,'dsbxxwy02','赵一冰','分数除以整数、分数','','m050207'),(308,62.5,'dsbxxwy02','赵一冰','分数四则混合运算','','m050208'),(309,75,'dsbxxwy02','赵一冰','解决问题','','m050209'),(310,75,'dsbxxwy02','赵一冰','比的意义和性质 ','','m050210'),(311,83.33,'dsbxxwy02','赵一冰','比的应用','','m050211'),(312,85.71,'dsbxxwy02','赵一冰','圆的认识','','m050212'),(313,83.33,'dsbxxwy02','赵一冰','圆的周长','','m050213'),(314,100,'dsbxxwy02','赵一冰','圆的面积','','m050214'),(315,66.67,'dsbxxwy02','赵一冰','圆环的面积','','m050215'),(316,100,'dsbxxwy02','赵一冰','扇形','','m050216'),(317,85.71,'dsbxxwy02','赵一冰','百分数的意义和读写','','m050217'),(318,85.71,'dsbxxwy02','赵一冰','百分数、分数和小数互化','','m050218'),(319,87.5,'dsbxxwy02','赵一冰','用百分数解决问题（一）','','m050219'),(320,83.33,'dsbxxwy02','赵一冰','用百分数解决问题（二）','','m050220'),(321,66.67,'dsbxxwy02','赵一冰','百分数解决问题','','m050221'),(322,60,'dsbxxwy02','赵一冰','扇形统计图','','m050222'),(323,66.67,'dsbxxwy02','赵一冰','数与形','','m050223'),(324,100,'dsbxxwy03','马正博','分数乘整数','','m050201'),(325,85.71,'dsbxxwy03','马正博','分数乘分数','','m050202'),(326,83.33,'dsbxxwy03','马正博','小数乘分数及分数混合运算','','m050203'),(327,100,'dsbxxwy03','马正博','分数乘法解决问题（1）','','m050204'),(328,66.67,'dsbxxwy03','马正博','位置与方向','','m050205'),(329,72.73,'dsbxxwy03','马正博','倒数的认识','','m050206'),(330,83.33,'dsbxxwy03','马正博','分数除以整数、分数','','m050207'),(331,87.5,'dsbxxwy03','马正博','分数四则混合运算','','m050208'),(332,75,'dsbxxwy03','马正博','解决问题','','m050209'),(333,87.5,'dsbxxwy03','马正博','比的意义和性质 ','','m050210'),(334,83.33,'dsbxxwy03','马正博','比的应用','','m050211'),(335,85.71,'dsbxxwy03','马正博','圆的认识','','m050212'),(336,100,'dsbxxwy03','马正博','圆的周长','','m050213'),(337,75,'dsbxxwy03','马正博','圆的面积','','m050214'),(338,100,'dsbxxwy03','马正博','圆环的面积','','m050215'),(339,100,'dsbxxwy03','马正博','扇形','','m050216'),(340,85.71,'dsbxxwy03','马正博','百分数的意义和读写','','m050217'),(341,100,'dsbxxwy03','马正博','百分数、分数和小数互化','','m050218'),(342,87.5,'dsbxxwy03','马正博','用百分数解决问题（一）','','m050219'),(343,100,'dsbxxwy03','马正博','用百分数解决问题（二）','','m050220'),(344,66.67,'dsbxxwy03','马正博','百分数解决问题','','m050221'),(345,80,'dsbxxwy03','马正博','扇形统计图','','m050222'),(346,66.67,'dsbxxwy03','马正博','数与形','','m050223'),(347,100,'dsbxxwy04','买天屿','分数乘整数','','m050201'),(348,100,'dsbxxwy04','买天屿','分数乘分数','','m050202'),(349,100,'dsbxxwy04','买天屿','小数乘分数及分数混合运算','','m050203'),(350,100,'dsbxxwy04','买天屿','分数乘法解决问题（1）','','m050204'),(351,66.67,'dsbxxwy04','买天屿','位置与方向','','m050205'),(352,63.64,'dsbxxwy04','买天屿','倒数的认识','','m050206'),(353,66.67,'dsbxxwy04','买天屿','分数除以整数、分数','','m050207'),(354,75,'dsbxxwy04','买天屿','分数四则混合运算','','m050208'),(355,75,'dsbxxwy04','买天屿','解决问题','','m050209'),(356,75,'dsbxxwy04','买天屿','比的意义和性质 ','','m050210'),(357,83.33,'dsbxxwy04','买天屿','比的应用','','m050211'),(358,85.71,'dsbxxwy04','买天屿','圆的认识','','m050212'),(359,83.33,'dsbxxwy04','买天屿','圆的周长','','m050213'),(360,100,'dsbxxwy04','买天屿','圆的面积','','m050214'),(361,66.67,'dsbxxwy04','买天屿','圆环的面积','','m050215'),(362,87.5,'dsbxxwy04','买天屿','扇形','','m050216'),(363,85.71,'dsbxxwy04','买天屿','百分数的意义和读写','','m050217'),(364,85.71,'dsbxxwy04','买天屿','百分数、分数和小数互化','','m050218'),(365,87.5,'dsbxxwy04','买天屿','用百分数解决问题（一）','','m050219'),(366,83.33,'dsbxxwy04','买天屿','用百分数解决问题（二）','','m050220'),(367,66.67,'dsbxxwy04','买天屿','百分数解决问题','','m050221'),(368,80,'dsbxxwy04','买天屿','扇形统计图','','m050222'),(369,66.67,'dsbxxwy04','买天屿','数与形','','m050223'),(370,88.89,'dsbxxwy05','周渝恒','分数乘整数','','m050201'),(371,85.71,'dsbxxwy05','周渝恒','分数乘分数','','m050202'),(372,100,'dsbxxwy05','周渝恒','小数乘分数及分数混合运算','','m050203'),(373,100,'dsbxxwy05','周渝恒','分数乘法解决问题（1）','','m050204'),(374,66.67,'dsbxxwy05','周渝恒','位置与方向','','m050205'),(375,72.73,'dsbxxwy05','周渝恒','倒数的认识','','m050206'),(376,66.67,'dsbxxwy05','周渝恒','分数除以整数、分数','','m050207'),(377,75,'dsbxxwy05','周渝恒','分数四则混合运算','','m050208'),(378,75,'dsbxxwy05','周渝恒','解决问题','','m050209'),(379,75,'dsbxxwy05','周渝恒','比的意义和性质 ','','m050210'),(380,66.67,'dsbxxwy05','周渝恒','比的应用','','m050211'),(381,85.71,'dsbxxwy05','周渝恒','圆的认识','','m050212'),(382,83.33,'dsbxxwy05','周渝恒','圆的周长','','m050213'),(383,75,'dsbxxwy05','周渝恒','圆的面积','','m050214'),(384,100,'dsbxxwy05','周渝恒','圆环的面积','','m050215'),(385,75,'dsbxxwy05','周渝恒','扇形','','m050216'),(386,85.71,'dsbxxwy05','周渝恒','百分数的意义和读写','','m050217'),(387,85.71,'dsbxxwy05','周渝恒','百分数、分数和小数互化','','m050218'),(388,75,'dsbxxwy05','周渝恒','用百分数解决问题（一）','','m050219'),(389,83.33,'dsbxxwy05','周渝恒','用百分数解决问题（二）','','m050220'),(390,66.67,'dsbxxwy05','周渝恒','百分数解决问题','','m050221'),(391,80,'dsbxxwy05','周渝恒','扇形统计图','','m050222'),(392,66.67,'dsbxxwy05','周渝恒','数与形','','m050223'),(393,100,'dsbxxwy06','林玥希','分数乘整数','','m050201'),(394,100,'dsbxxwy06','林玥希','分数乘分数','','m050202'),(395,100,'dsbxxwy06','林玥希','小数乘分数及分数混合运算','','m050203'),(396,100,'dsbxxwy06','林玥希','分数乘法解决问题（1）','','m050204'),(397,66.67,'dsbxxwy06','林玥希','位置与方向','','m050205'),(398,72.73,'dsbxxwy06','林玥希','倒数的认识','','m050206'),(399,66.67,'dsbxxwy06','林玥希','分数除以整数、分数','','m050207'),(400,87.5,'dsbxxwy06','林玥希','分数四则混合运算','','m050208'),(401,75,'dsbxxwy06','林玥希','解决问题','','m050209'),(402,75,'dsbxxwy06','林玥希','比的意义和性质 ','','m050210'),(403,66.67,'dsbxxwy06','林玥希','比的应用','','m050211'),(404,71.43,'dsbxxwy06','林玥希','圆的认识','','m050212'),(405,83.33,'dsbxxwy06','林玥希','圆的周长','','m050213'),(406,100,'dsbxxwy06','林玥希','圆的面积','','m050214'),(407,66.67,'dsbxxwy06','林玥希','圆环的面积','','m050215'),(408,87.5,'dsbxxwy06','林玥希','扇形','','m050216'),(409,71.43,'dsbxxwy06','林玥希','百分数的意义和读写','','m050217'),(410,85.71,'dsbxxwy06','林玥希','百分数、分数和小数互化','','m050218'),(411,87.5,'dsbxxwy06','林玥希','用百分数解决问题（一）','','m050219'),(412,83.33,'dsbxxwy06','林玥希','用百分数解决问题（二）','','m050220'),(413,66.67,'dsbxxwy06','林玥希','百分数解决问题','','m050221'),(414,80,'dsbxxwy06','林玥希','扇形统计图','','m050222'),(415,66.67,'dsbxxwy06','林玥希','数与形','','m050223'),(416,88.89,'dsbxxwy07','吴优裴雪','分数乘整数','','m050201'),(417,85.71,'dsbxxwy07','吴优裴雪','分数乘分数','','m050202'),(418,83.33,'dsbxxwy07','吴优裴雪','小数乘分数及分数混合运算','','m050203'),(419,83.33,'dsbxxwy07','吴优裴雪','分数乘法解决问题（1）','','m050204'),(420,66.67,'dsbxxwy07','吴优裴雪','位置与方向','','m050205'),(421,81.82,'dsbxxwy07','吴优裴雪','倒数的认识','','m050206'),(422,83.33,'dsbxxwy07','吴优裴雪','分数除以整数、分数','','m050207'),(423,75,'dsbxxwy07','吴优裴雪','分数四则混合运算','','m050208'),(424,75,'dsbxxwy07','吴优裴雪','解决问题','','m050209'),(425,75,'dsbxxwy07','吴优裴雪','比的意义和性质 ','','m050210'),(426,83.33,'dsbxxwy07','吴优裴雪','比的应用','','m050211'),(427,85.71,'dsbxxwy07','吴优裴雪','圆的认识','','m050212'),(428,83.33,'dsbxxwy07','吴优裴雪','圆的周长','','m050213'),(429,75,'dsbxxwy07','吴优裴雪','圆的面积','','m050214'),(430,100,'dsbxxwy07','吴优裴雪','圆环的面积','','m050215'),(431,87.5,'dsbxxwy07','吴优裴雪','扇形','','m050216'),(432,85.71,'dsbxxwy07','吴优裴雪','百分数的意义和读写','','m050217'),(433,85.71,'dsbxxwy07','吴优裴雪','百分数、分数和小数互化','','m050218'),(434,87.5,'dsbxxwy07','吴优裴雪','用百分数解决问题（一）','','m050219'),(435,83.33,'dsbxxwy07','吴优裴雪','用百分数解决问题（二）','','m050220'),(436,50,'dsbxxwy07','吴优裴雪','百分数解决问题','','m050221'),(437,60,'dsbxxwy07','吴优裴雪','扇形统计图','','m050222'),(438,66.67,'dsbxxwy07','吴优裴雪','数与形','','m050223'),(439,88.89,'dsbxxwy08','赵佳琪','分数乘整数','','m050201'),(440,85.71,'dsbxxwy08','赵佳琪','分数乘分数','','m050202'),(441,83.33,'dsbxxwy08','赵佳琪','小数乘分数及分数混合运算','','m050203'),(442,83.33,'dsbxxwy08','赵佳琪','分数乘法解决问题（1）','','m050204'),(443,66.67,'dsbxxwy08','赵佳琪','位置与方向','','m050205'),(444,72.73,'dsbxxwy08','赵佳琪','倒数的认识','','m050206'),(445,83.33,'dsbxxwy08','赵佳琪','分数除以整数、分数','','m050207'),(446,62.5,'dsbxxwy08','赵佳琪','分数四则混合运算','','m050208'),(447,75,'dsbxxwy08','赵佳琪','解决问题','','m050209'),(448,87.5,'dsbxxwy08','赵佳琪','比的意义和性质 ','','m050210'),(449,83.33,'dsbxxwy08','赵佳琪','比的应用','','m050211'),(450,85.71,'dsbxxwy08','赵佳琪','圆的认识','','m050212'),(451,83.33,'dsbxxwy08','赵佳琪','圆的周长','','m050213'),(452,75,'dsbxxwy08','赵佳琪','圆的面积','','m050214'),(453,100,'dsbxxwy08','赵佳琪','圆环的面积','','m050215'),(454,87.5,'dsbxxwy08','赵佳琪','扇形','','m050216'),(455,85.71,'dsbxxwy08','赵佳琪','百分数的意义和读写','','m050217'),(456,85.71,'dsbxxwy08','赵佳琪','百分数、分数和小数互化','','m050218'),(457,87.5,'dsbxxwy08','赵佳琪','用百分数解决问题（一）','','m050219'),(458,83.33,'dsbxxwy08','赵佳琪','用百分数解决问题（二）','','m050220'),(459,83.33,'dsbxxwy08','赵佳琪','百分数解决问题','','m050221'),(460,60,'dsbxxwy08','赵佳琪','扇形统计图','','m050222'),(461,50,'dsbxxwy08','赵佳琪','数与形','','m050223'),(462,100,'dsbxxwy09','王晨懿','分数乘整数','','m050201'),(463,100,'dsbxxwy09','王晨懿','分数乘分数','','m050202'),(464,100,'dsbxxwy09','王晨懿','小数乘分数及分数混合运算','','m050203'),(465,100,'dsbxxwy09','王晨懿','分数乘法解决问题（1）','','m050204'),(466,66.67,'dsbxxwy09','王晨懿','位置与方向','','m050205'),(467,72.73,'dsbxxwy09','王晨懿','倒数的认识','','m050206'),(468,66.67,'dsbxxwy09','王晨懿','分数除以整数、分数','','m050207'),(469,75,'dsbxxwy09','王晨懿','分数四则混合运算','','m050208'),(470,75,'dsbxxwy09','王晨懿','解决问题','','m050209'),(471,75,'dsbxxwy09','王晨懿','比的意义和性质 ','','m050210'),(472,83.33,'dsbxxwy09','王晨懿','比的应用','','m050211'),(473,85.71,'dsbxxwy09','王晨懿','圆的认识','','m050212'),(474,83.33,'dsbxxwy09','王晨懿','圆的周长','','m050213'),(475,75,'dsbxxwy09','王晨懿','圆的面积','','m050214'),(476,66.67,'dsbxxwy09','王晨懿','圆环的面积','','m050215'),(477,100,'dsbxxwy09','王晨懿','扇形','','m050216'),(478,85.71,'dsbxxwy09','王晨懿','百分数的意义和读写','','m050217'),(479,85.71,'dsbxxwy09','王晨懿','百分数、分数和小数互化','','m050218'),(480,100,'dsbxxwy09','王晨懿','用百分数解决问题（一）','','m050219'),(481,83.33,'dsbxxwy09','王晨懿','用百分数解决问题（二）','','m050220'),(482,83.33,'dsbxxwy09','王晨懿','百分数解决问题','','m050221'),(483,100,'dsbxxwy09','王晨懿','扇形统计图','','m050222'),(484,100,'dsbxxwy09','王晨懿','数与形','','m050223'),(485,88.89,'dsbxxwy10','张译丹','分数乘整数','','m050201'),(486,85.71,'dsbxxwy10','张译丹','分数乘分数','','m050202'),(487,100,'dsbxxwy10','张译丹','小数乘分数及分数混合运算','','m050203'),(488,100,'dsbxxwy10','张译丹','分数乘法解决问题（1）','','m050204'),(489,66.67,'dsbxxwy10','张译丹','位置与方向','','m050205'),(490,72.73,'dsbxxwy10','张译丹','倒数的认识','','m050206'),(491,66.67,'dsbxxwy10','张译丹','分数除以整数、分数','','m050207'),(492,75,'dsbxxwy10','张译丹','分数四则混合运算','','m050208'),(493,75,'dsbxxwy10','张译丹','解决问题','','m050209'),(494,87.5,'dsbxxwy10','张译丹','比的意义和性质 ','','m050210'),(495,83.33,'dsbxxwy10','张译丹','比的应用','','m050211'),(496,85.71,'dsbxxwy10','张译丹','圆的认识','','m050212'),(497,83.33,'dsbxxwy10','张译丹','圆的周长','','m050213'),(498,75,'dsbxxwy10','张译丹','圆的面积','','m050214'),(499,100,'dsbxxwy10','张译丹','圆环的面积','','m050215'),(500,87.5,'dsbxxwy10','张译丹','扇形','','m050216'),(501,85.71,'dsbxxwy10','张译丹','百分数的意义和读写','','m050217'),(502,100,'dsbxxwy10','张译丹','百分数、分数和小数互化','','m050218'),(503,87.5,'dsbxxwy10','张译丹','用百分数解决问题（一）','','m050219'),(504,83.33,'dsbxxwy10','张译丹','用百分数解决问题（二）','','m050220'),(505,66.67,'dsbxxwy10','张译丹','百分数解决问题','','m050221'),(506,80,'dsbxxwy10','张译丹','扇形统计图','','m050222'),(507,83.33,'dsbxxwy10','张译丹','数与形','','m050223'),(508,77.78,'dsbxxwy11','余昕萌','分数乘整数','','m050201'),(509,71.43,'dsbxxwy11','余昕萌','分数乘分数','','m050202'),(510,83.33,'dsbxxwy11','余昕萌','小数乘分数及分数混合运算','','m050203'),(511,83.33,'dsbxxwy11','余昕萌','分数乘法解决问题（1）','','m050204'),(512,66.67,'dsbxxwy11','余昕萌','位置与方向','','m050205'),(513,72.73,'dsbxxwy11','余昕萌','倒数的认识','','m050206'),(514,66.67,'dsbxxwy11','余昕萌','分数除以整数、分数','','m050207'),(515,50,'dsbxxwy11','余昕萌','分数四则混合运算','','m050208'),(516,75,'dsbxxwy11','余昕萌','解决问题','','m050209'),(517,75,'dsbxxwy11','余昕萌','比的意义和性质 ','','m050210'),(518,83.33,'dsbxxwy11','余昕萌','比的应用','','m050211'),(519,85.71,'dsbxxwy11','余昕萌','圆的认识','','m050212'),(520,83.33,'dsbxxwy11','余昕萌','圆的周长','','m050213'),(521,75,'dsbxxwy11','余昕萌','圆的面积','','m050214'),(522,100,'dsbxxwy11','余昕萌','圆环的面积','','m050215'),(523,87.5,'dsbxxwy11','余昕萌','扇形','','m050216'),(524,85.71,'dsbxxwy11','余昕萌','百分数的意义和读写','','m050217'),(525,85.71,'dsbxxwy11','余昕萌','百分数、分数和小数互化','','m050218'),(526,87.5,'dsbxxwy11','余昕萌','用百分数解决问题（一）','','m050219'),(527,83.33,'dsbxxwy11','余昕萌','用百分数解决问题（二）','','m050220'),(528,66.67,'dsbxxwy11','余昕萌','百分数解决问题','','m050221'),(529,60,'dsbxxwy11','余昕萌','扇形统计图','','m050222'),(530,83.33,'dsbxxwy11','余昕萌','数与形','','m050223'),(531,100,'dsbxxwy12','闫本泽','分数乘整数','','m050201'),(532,100,'dsbxxwy12','闫本泽','分数乘分数','','m050202'),(533,100,'dsbxxwy12','闫本泽','小数乘分数及分数混合运算','','m050203'),(534,100,'dsbxxwy12','闫本泽','分数乘法解决问题（1）','','m050204'),(535,66.67,'dsbxxwy12','闫本泽','位置与方向','','m050205'),(536,100,'dsbxxwy12','闫本泽','倒数的认识','','m050206'),(537,66.67,'dsbxxwy12','闫本泽','分数除以整数、分数','','m050207'),(538,100,'dsbxxwy12','闫本泽','分数四则混合运算','','m050208'),(539,75,'dsbxxwy12','闫本泽','解决问题','','m050209'),(540,75,'dsbxxwy12','闫本泽','比的意义和性质 ','','m050210'),(541,83.33,'dsbxxwy12','闫本泽','比的应用','','m050211'),(542,85.71,'dsbxxwy12','闫本泽','圆的认识','','m050212'),(543,100,'dsbxxwy12','闫本泽','圆的周长','','m050213'),(544,100,'dsbxxwy12','闫本泽','圆的面积','','m050214'),(545,66.67,'dsbxxwy12','闫本泽','圆环的面积','','m050215'),(546,87.5,'dsbxxwy12','闫本泽','扇形','','m050216'),(547,85.71,'dsbxxwy12','闫本泽','百分数的意义和读写','','m050217'),(548,85.71,'dsbxxwy12','闫本泽','百分数、分数和小数互化','','m050218'),(549,87.5,'dsbxxwy12','闫本泽','用百分数解决问题（一）','','m050219'),(550,83.33,'dsbxxwy12','闫本泽','用百分数解决问题（二）','','m050220'),(551,83.33,'dsbxxwy12','闫本泽','百分数解决问题','','m050221'),(552,80,'dsbxxwy12','闫本泽','扇形统计图','','m050222'),(553,83.33,'dsbxxwy12','闫本泽','数与形','','m050223');
/*!40000 ALTER TABLE `IntellectualKnowledge` ENABLE KEYS */;
UNLOCK TABLES;

--
-- Table structure for table `Knowledge2bigDataCognitionMap`
--

DROP TABLE IF EXISTS `Knowledge2bigDataCognitionMap`;
/*!40101 SET @saved_cs_client     = @@character_set_client */;
/*!40101 SET character_set_client = utf8 */;
CREATE TABLE `Knowledge2bigDataCognitionMap` (
  `id` bigint(20) NOT NULL AUTO_INCREMENT,
  `kid` varchar(256) DEFAULT NULL,
  `name` varchar(256) DEFAULT NULL,
  `bigDataCognitionMap` varchar(256) DEFAULT NULL,
  PRIMARY KEY (`id`)
) ENGINE=InnoDB AUTO_INCREMENT=47 DEFAULT CHARSET=utf8mb4;
/*!40101 SET character_set_client = @saved_cs_client */;

--
-- Dumping data for table `Knowledge2bigDataCognitionMap`
--

LOCK TABLES `Knowledge2bigDataCognitionMap` WRITE;
/*!40000 ALTER TABLE `Knowledge2bigDataCognitionMap` DISABLE KEYS */;
INSERT INTO `Knowledge2bigDataCognitionMap` VALUES (24,'m050201','分数乘整数','MP49-1 '),(25,'m050202','分数乘分数','MP49'),(26,'m050203','小数乘分数及分数混合运算','MP89-1'),(27,'m050204','分数乘法解决问题（1）','MP62-5'),(28,'m050205','位置与方向','MP102-2'),(29,'m050206','倒数的认识','MP26-2-1'),(30,'m050207','分数除以整数、分数','MP51'),(31,'m050208','分数四则混合运算','MP51-3'),(32,'m050209','解决问题','MP60-6-3'),(33,'m050210','比的意义和性质 ','MP52'),(34,'m050211','比的应用','MP52-4'),(35,'m050212','圆的认识','MP53-1'),(36,'m050213','圆的周长','MP53-2'),(37,'m050214','圆的面积','MP53-3'),(38,'m050215','圆环的面积','MP53-3-1'),(39,'m050216','扇形','MP53-4'),(40,'m050217','百分数的意义和读写','MP54-1'),(41,'m050218','百分数、分数和小数互化','MP54-2'),(42,'m050219','用百分数解决问题（一）','MP58'),(43,'m050220','用百分数解决问题（二）','MP62-9'),(44,'m050221','百分数解决问题','MP62-8'),(45,'m050222','扇形统计图','MP55'),(46,'m050223','数与形','MP63-4');
/*!40000 ALTER TABLE `Knowledge2bigDataCognitionMap` ENABLE KEYS */;
UNLOCK TABLES;

--
-- Table structure for table `art_art`
--

DROP TABLE IF EXISTS `art_art`;
/*!40101 SET @saved_cs_client     = @@character_set_client */;
/*!40101 SET character_set_client = utf8 */;
CREATE TABLE `art_art` (
  `id` bigint(20) NOT NULL AUTO_INCREMENT,
  `pid` varchar(254) NOT NULL,
  `classes` varchar(254) DEFAULT NULL,
  `base_class_positivity` int(11) DEFAULT NULL,
  `base_class_quality_question` int(11) DEFAULT NULL,
  `base_class_quality_answer` int(11) DEFAULT NULL,
  `base_grade` int(11) DEFAULT NULL,
  `activity_active` int(11) DEFAULT NULL,
  `activity_grade` int(11) DEFAULT NULL,
  `skill_appreciation` int(11) DEFAULT NULL,
  `skill_copy` int(11) DEFAULT NULL,
  `skill_create` int(11) DEFAULT NULL,
  `literacy_sensory` int(11) DEFAULT NULL,
  `literacy_topic` int(11) DEFAULT NULL,
  `literacy_complexity` int(11) DEFAULT NULL,
  `literacy_feel` int(11) DEFAULT NULL,
  `literacy_works` int(11) DEFAULT NULL,
  `literacy_evaluation` int(11) DEFAULT NULL,
  `literacy_discern` int(11) DEFAULT NULL,
  `literacy_respect` int(11) DEFAULT NULL,
  `literacy_value` int(11) DEFAULT NULL,
  `score` int(11) DEFAULT NULL,
  PRIMARY KEY (`id`)
) ENGINE=InnoDB AUTO_INCREMENT=51 DEFAULT CHARSET=utf8mb4;
/*!40101 SET character_set_client = @saved_cs_client */;

--
-- Dumping data for table `art_art`
--

LOCK TABLES `art_art` WRITE;
/*!40000 ALTER TABLE `art_art` DISABLE KEYS */;
INSERT INTO `art_art` VALUES (37,'dsbxxwy09','6-1',3,4,3,2,3,3,3,3,2,3,2,3,3,3,3,3,3,3,38),(38,'dsbxxwy11','6-1',3,4,3,2,3,3,3,3,2,3,2,3,3,3,3,3,3,3,38),(39,'dsbxxwy16','6-1',3,4,3,2,3,3,3,3,2,3,2,3,3,3,3,3,3,3,38),(40,'dsbxxwy52','6-1',3,4,3,2,3,3,3,3,2,3,2,3,3,3,3,3,3,3,38),(41,'dsbxxws10','6-3',3,3,3,1,3,3,3,3,2,3,3,3,3,3,3,3,3,3,39),(42,'dsbxxws12','6-3',3,3,3,1,3,3,3,3,2,3,3,3,3,3,3,3,3,3,39),(43,'dsbxxws26','6-3',3,3,3,1,3,3,3,3,2,3,3,3,3,3,3,3,3,3,39),(44,'dsbxxws33','6-3',3,3,3,1,3,3,3,3,2,3,3,3,3,3,3,3,3,3,39),(45,'dsbxxws35','6-3',3,3,3,1,3,3,3,3,2,3,3,3,3,3,3,3,3,3,39),(46,'dsbxxww28','6-5',3,3,3,1,3,3,3,3,3,3,3,3,3,3,3,3,3,3,38),(47,'dsbxxww35','6-5',3,3,3,1,3,3,3,3,3,3,3,3,3,3,3,3,3,3,38),(48,'dsbxxww48','6-5',3,3,3,1,3,3,3,3,3,3,3,3,3,3,3,3,3,3,38),(49,'dsbxxwy04','6-1',2,2,2,2,2,2,2,2,2,2,2,2,2,2,2,2,2,2,39),(50,'dsbxxwy12','6-1',2,2,2,2,2,2,2,2,2,2,2,2,2,2,2,2,2,2,39);
/*!40000 ALTER TABLE `art_art` ENABLE KEYS */;
UNLOCK TABLES;

--
-- Table structure for table `art_music`
--

DROP TABLE IF EXISTS `art_music`;
/*!40101 SET @saved_cs_client     = @@character_set_client */;
/*!40101 SET character_set_client = utf8 */;
CREATE TABLE `art_music` (
  `id` bigint(20) NOT NULL AUTO_INCREMENT,
  `pid` varchar(254) NOT NULL,
  `classes` varchar(254) DEFAULT NULL,
  `base_class_positivity` int(11) DEFAULT NULL,
  `base_class_quality_question` int(11) DEFAULT NULL,
  `base_class_quality_answer` int(11) DEFAULT NULL,
  `base_grade` int(11) DEFAULT NULL,
  `activity_active` int(11) DEFAULT NULL,
  `activity_grade` int(11) DEFAULT NULL,
  `skill_listen` int(11) DEFAULT NULL,
  `skill_write` int(11) DEFAULT NULL,
  `skill_act` int(11) DEFAULT NULL,
  `skill_create` int(11) DEFAULT NULL,
  `literacy_act` int(11) DEFAULT NULL,
  `literacy_emotion` int(11) DEFAULT NULL,
  `literacy_style` int(11) DEFAULT NULL,
  `literacy_feel` int(11) DEFAULT NULL,
  `literacy_works` int(11) DEFAULT NULL,
  `literacy_evaluation` int(11) DEFAULT NULL,
  `literacy_ethnic` int(11) DEFAULT NULL,
  `literacy_era` int(11) DEFAULT NULL,
  `literacy_music` int(11) DEFAULT NULL,
  `score` int(11) DEFAULT NULL,
  PRIMARY KEY (`id`)
) ENGINE=InnoDB AUTO_INCREMENT=377 DEFAULT CHARSET=utf8mb4;
/*!40101 SET character_set_client = @saved_cs_client */;

--
-- Dumping data for table `art_music`
--

LOCK TABLES `art_music` WRITE;
/*!40000 ALTER TABLE `art_music` DISABLE KEYS */;
INSERT INTO `art_music` VALUES (283,'dsbxxwy02','6-1',2,1,2,1,1,3,1,2,2,2,3,2,3,2,2,1,2,3,3,57),(284,'dsbxxwy03','6-1',2,1,2,1,1,3,1,2,2,2,3,2,3,2,2,1,2,3,3,57),(285,'dsbxxwy04','6-1',2,1,2,1,1,3,1,2,2,2,3,2,3,2,2,1,2,3,3,57),(286,'dsbxxwy05','6-1',2,1,2,1,1,3,1,2,2,2,3,2,3,2,2,1,2,3,3,57),(287,'dsbxxwy07','6-1',2,1,2,1,1,3,1,2,2,2,3,2,3,2,2,1,2,3,3,57),(288,'dsbxxwy08','6-1',2,1,2,1,1,3,1,2,2,2,3,2,3,2,2,1,2,3,3,57),(289,'dsbxxwy09','6-1',2,1,2,1,1,3,1,2,2,2,3,2,3,2,2,1,2,3,3,57),(290,'dsbxxwy10','6-1',2,1,2,1,1,3,1,2,2,2,3,2,3,2,2,1,2,3,3,57),(291,'dsbxxwy11','6-1',2,1,2,1,1,3,1,2,2,2,3,2,3,2,2,1,2,3,3,57),(292,'dsbxxwy12','6-1',2,1,2,1,1,3,1,2,2,2,3,2,3,2,2,1,2,3,3,57),(293,'dsbxxwy13','6-1',2,1,2,1,1,3,1,2,2,2,3,2,3,2,2,1,2,3,3,57),(294,'dsbxxwy15','6-1',2,1,2,1,1,3,1,2,2,2,3,2,3,2,2,1,2,3,3,57),(295,'dsbxxwy16','6-1',2,1,2,1,1,3,1,2,2,2,3,2,3,2,2,1,2,3,3,57),(296,'dsbxxwy19','6-1',2,1,2,1,1,3,1,2,2,2,3,2,3,2,2,1,2,3,3,57),(297,'dsbxxwy20','6-1',2,1,2,1,1,3,1,2,2,2,3,2,3,2,2,1,2,3,3,57),(298,'dsbxxwy23','6-1',2,1,2,1,1,3,1,2,2,2,3,2,3,2,2,1,2,3,3,57),(299,'dsbxxwy24','6-1',2,1,2,1,1,3,1,2,2,2,3,2,3,2,2,1,2,3,3,57),(300,'dsbxxwy27','6-1',2,1,2,1,1,3,1,2,2,2,3,2,3,2,2,1,2,3,3,57),(301,'dsbxxwy28','6-1',2,1,2,1,1,3,1,2,2,2,3,2,3,2,2,1,2,3,3,57),(302,'dsbxxwy29','6-1',2,1,2,1,1,3,1,2,2,2,3,2,3,2,2,1,2,3,3,57),(303,'dsbxxwy30','6-1',2,1,2,1,1,3,1,2,2,2,3,2,3,2,2,1,2,3,3,57),(304,'dsbxxwy32','6-1',2,1,2,1,1,3,1,2,2,2,3,2,3,2,2,1,2,3,3,57),(305,'dsbxxwy33','6-1',2,1,2,1,1,3,1,2,2,2,3,2,3,2,2,1,2,3,3,57),(306,'dsbxxwy35','6-1',2,1,2,1,1,3,1,2,2,2,3,2,3,2,2,1,2,3,3,57),(307,'dsbxxwy40','6-1',2,1,2,1,1,3,1,2,2,2,3,2,3,2,2,1,2,3,3,57),(308,'dsbxxwy41','6-1',2,1,2,1,1,3,1,2,2,2,3,2,3,2,2,1,2,3,3,57),(309,'dsbxxwy45','6-1',2,1,2,1,1,3,1,2,2,2,3,2,3,2,2,1,2,3,3,57),(310,'dsbxxwy47','6-1',2,1,2,1,1,3,1,2,2,2,3,2,3,2,2,1,2,3,3,57),(311,'dsbxxws01','6-3',2,2,2,2,2,3,2,2,2,2,2,2,2,2,3,3,3,3,3,51),(312,'dsbxxws03','6-3',2,2,2,2,2,3,2,2,2,2,2,2,2,2,3,3,3,3,3,51),(313,'dsbxxws04','6-3',2,2,2,2,2,3,2,2,2,2,2,2,2,2,3,3,3,3,3,51),(314,'dsbxxws05','6-3',2,2,2,2,2,3,2,2,2,2,2,2,2,2,3,3,3,3,3,51),(315,'dsbxxws07','6-3',2,2,2,2,2,3,2,2,2,2,2,2,2,2,3,3,3,3,3,51),(316,'dsbxxws09','6-3',2,2,2,2,2,3,2,2,2,2,2,2,2,2,3,3,3,3,3,51),(317,'dsbxxws10','6-3',2,2,2,2,2,3,2,2,2,2,2,2,2,2,3,3,3,3,3,51),(318,'dsbxxws13','6-3',2,2,2,2,2,3,2,2,2,2,2,2,2,2,3,3,3,3,3,51),(319,'dsbxxws14','6-3',2,2,2,2,2,3,2,2,2,2,2,2,2,2,3,3,3,3,3,51),(320,'dsbxxws15','6-3',2,2,2,2,2,3,2,2,2,2,2,2,2,2,3,3,3,3,3,51),(321,'dsbxxws18','6-3',2,2,2,2,2,3,2,2,2,2,2,2,2,2,3,3,3,3,3,51),(322,'dsbxxws19','6-3',2,2,2,2,2,3,2,2,2,2,2,2,2,2,3,3,3,3,3,51),(323,'dsbxxws20','6-3',2,2,2,2,2,3,2,2,2,2,2,2,2,2,3,3,3,3,3,51),(324,'dsbxxws21','6-3',2,2,2,2,2,3,2,2,2,2,2,2,2,2,3,3,3,3,3,51),(325,'dsbxxws22','6-3',2,2,2,2,2,3,2,2,2,2,2,2,2,2,3,3,3,3,3,51),(326,'dsbxxws23','6-3',2,2,2,2,2,3,2,2,2,2,2,2,2,2,3,3,3,3,3,51),(327,'dsbxxws24','6-3',2,2,2,2,2,3,2,2,2,2,2,2,2,2,3,3,3,3,3,51),(328,'dsbxxws25','6-3',2,2,2,2,2,3,2,2,2,2,2,2,2,2,3,3,3,3,3,51),(329,'dsbxxws27','6-3',2,2,2,2,2,3,2,2,2,2,2,2,2,2,3,3,3,3,3,51),(330,'dsbxxws28','6-3',2,2,2,2,2,3,2,2,2,2,2,2,2,2,3,3,3,3,3,51),(331,'dsbxxws29','6-3',2,2,2,2,2,3,2,2,2,2,2,2,2,2,3,3,3,3,3,51),(332,'dsbxxws32','6-3',2,2,2,2,2,3,2,2,2,2,2,2,2,2,3,3,3,3,3,51),(333,'dsbxxws33','6-3',2,2,2,2,2,3,2,2,2,2,2,2,2,2,3,3,3,3,3,51),(334,'dsbxxws34','6-3',2,2,2,2,2,3,2,2,2,2,2,2,2,2,3,3,3,3,3,51),(335,'dsbxxws38','6-3',2,2,2,2,2,3,2,2,2,2,2,2,2,2,3,3,3,3,3,51),(336,'dsbxxws40','6-3',2,2,2,2,2,3,2,2,2,2,2,2,2,2,3,3,3,3,3,51),(337,'dsbxxws41','6-3',2,2,2,2,2,3,2,2,2,2,2,2,2,2,3,3,3,3,3,51),(338,'dsbxxws43','6-3',2,2,2,2,2,3,2,2,2,2,2,2,2,2,3,3,3,3,3,51),(339,'dsbxxws44','6-3',2,2,2,2,2,3,2,2,2,2,2,2,2,2,3,3,3,3,3,51),(340,'dsbxxws45','6-3',2,2,2,2,2,3,2,2,2,2,2,2,2,2,3,3,3,3,3,51),(341,'dsbxxws48','6-3',2,2,2,2,2,3,2,2,2,2,2,2,2,2,3,3,3,3,3,51),(342,'dsbxxws49','6-3',2,2,2,2,2,3,2,2,2,2,2,2,2,2,3,3,3,3,3,51),(343,'dsbxxww03','6-5',2,2,2,2,2,3,3,2,2,3,2,3,3,3,3,3,3,3,3,46),(344,'dsbxxww04','6-5',2,2,2,2,2,3,3,2,2,3,2,3,3,3,3,3,3,3,3,46),(345,'dsbxxww07','6-5',2,2,2,2,2,3,3,2,2,3,2,3,3,3,3,3,3,3,3,46),(346,'dsbxxww08','6-5',2,2,2,2,2,3,3,2,2,3,2,3,3,3,3,3,3,3,3,46),(347,'dsbxxww09','6-5',2,2,2,2,2,3,3,2,2,3,2,3,3,3,3,3,3,3,3,46),(348,'dsbxxww11','6-5',2,2,2,2,2,3,3,2,2,3,2,3,3,3,3,3,3,3,3,46),(349,'dsbxxww13','6-5',2,2,2,2,2,3,3,2,2,3,2,3,3,3,3,3,3,3,3,46),(350,'dsbxxww14','6-5',2,2,2,2,2,3,3,2,2,3,2,3,3,3,3,3,3,3,3,46),(351,'dsbxxww15','6-5',2,2,2,2,2,3,3,2,2,3,2,3,3,3,3,3,3,3,3,46),(352,'dsbxxww17','6-5',2,2,2,2,2,3,3,2,2,3,2,3,3,3,3,3,3,3,3,46),(353,'dsbxxww18','6-5',2,2,2,2,2,3,3,2,2,3,2,3,3,3,3,3,3,3,3,46),(354,'dsbxxww21','6-5',2,2,2,2,2,3,3,2,2,3,2,3,3,3,3,3,3,3,3,46),(355,'dsbxxww22','6-5',2,2,2,2,2,3,3,2,2,3,2,3,3,3,3,3,3,3,3,46),(356,'dsbxxww24','6-5',2,2,2,2,2,3,3,2,2,3,2,3,3,3,3,3,3,3,3,46),(357,'dsbxxww25','6-5',2,2,2,2,2,3,3,2,2,3,2,3,3,3,3,3,3,3,3,46),(358,'dsbxxww26','6-5',2,2,2,2,2,3,3,2,2,3,2,3,3,3,3,3,3,3,3,46),(359,'dsbxxww29','6-5',2,2,2,2,2,3,3,2,2,3,2,3,3,3,3,3,3,3,3,46),(360,'dsbxxww30','6-5',2,2,2,2,2,3,3,2,2,3,2,3,3,3,3,3,3,3,3,46),(361,'dsbxxww31','6-5',2,2,2,2,2,3,3,2,2,3,2,3,3,3,3,3,3,3,3,46),(362,'dsbxxww32','6-5',2,2,2,2,2,3,3,2,2,3,2,3,3,3,3,3,3,3,3,46),(363,'dsbxxww34','6-5',2,2,2,2,2,3,3,2,2,3,2,3,3,3,3,3,3,3,3,46),(364,'dsbxxww35','6-5',2,2,2,2,2,3,3,2,2,3,2,3,3,3,3,3,3,3,3,46),(365,'dsbxxww36','6-5',2,2,2,2,2,3,3,2,2,3,2,3,3,3,3,3,3,3,3,46),(366,'dsbxxww39','6-5',2,2,2,2,2,3,3,2,2,3,2,3,3,3,3,3,3,3,3,46),(367,'dsbxxww40','6-5',2,2,2,2,2,3,3,2,2,3,2,3,3,3,3,3,3,3,3,46),(368,'dsbxxww41','6-5',2,2,2,2,2,3,3,2,2,3,2,3,3,3,3,3,3,3,3,46),(369,'dsbxxww42','6-5',2,2,2,2,2,3,3,2,2,3,2,3,3,3,3,3,3,3,3,46),(370,'dsbxxww43','6-5',2,2,2,2,2,3,3,2,2,3,2,3,3,3,3,3,3,3,3,46),(371,'dsbxxww44','6-5',2,2,2,2,2,3,3,2,2,3,2,3,3,3,3,3,3,3,3,46),(372,'dsbxxww45','6-5',2,2,2,2,2,3,3,2,2,3,2,3,3,3,3,3,3,3,3,46),(373,'dsbxxww46','6-5',2,2,2,2,2,3,3,2,2,3,2,3,3,3,3,3,3,3,3,46),(374,'dsbxxww47','6-5',2,2,2,2,2,3,3,2,2,3,2,3,3,3,3,3,3,3,3,46),(375,'dsbxxww48','6-5',2,2,2,2,2,3,3,2,2,3,2,3,3,3,3,3,3,3,3,46),(376,'dsbxxww50','6-5',2,2,2,2,2,3,3,2,2,3,2,3,3,3,3,3,3,3,3,46);
/*!40000 ALTER TABLE `art_music` ENABLE KEYS */;
UNLOCK TABLES;

--
-- Table structure for table `auth_group`
--

DROP TABLE IF EXISTS `auth_group`;
/*!40101 SET @saved_cs_client     = @@character_set_client */;
/*!40101 SET character_set_client = utf8 */;
CREATE TABLE `auth_group` (
  `id` int(11) NOT NULL AUTO_INCREMENT,
  `name` varchar(150) NOT NULL,
  PRIMARY KEY (`id`),
  UNIQUE KEY `name` (`name`)
) ENGINE=InnoDB DEFAULT CHARSET=utf8mb4;
/*!40101 SET character_set_client = @saved_cs_client */;

--
-- Dumping data for table `auth_group`
--

LOCK TABLES `auth_group` WRITE;
/*!40000 ALTER TABLE `auth_group` DISABLE KEYS */;
/*!40000 ALTER TABLE `auth_group` ENABLE KEYS */;
UNLOCK TABLES;

--
-- Table structure for table `auth_group_permissions`
--

DROP TABLE IF EXISTS `auth_group_permissions`;
/*!40101 SET @saved_cs_client     = @@character_set_client */;
/*!40101 SET character_set_client = utf8 */;
CREATE TABLE `auth_group_permissions` (
  `id` bigint(20) NOT NULL AUTO_INCREMENT,
  `group_id` int(11) NOT NULL,
  `permission_id` int(11) NOT NULL,
  PRIMARY KEY (`id`),
  UNIQUE KEY `auth_group_permissions_group_id_permission_id_0cd325b0_uniq` (`group_id`,`permission_id`),
  KEY `auth_group_permissio_permission_id_84c5c92e_fk_auth_perm` (`permission_id`),
  CONSTRAINT `auth_group_permissio_permission_id_84c5c92e_fk_auth_perm` FOREIGN KEY (`permission_id`) REFERENCES `auth_permission` (`id`),
  CONSTRAINT `auth_group_permissions_group_id_b120cbf9_fk_auth_group_id` FOREIGN KEY (`group_id`) REFERENCES `auth_group` (`id`)
) ENGINE=InnoDB DEFAULT CHARSET=utf8mb4;
/*!40101 SET character_set_client = @saved_cs_client */;

--
-- Dumping data for table `auth_group_permissions`
--

LOCK TABLES `auth_group_permissions` WRITE;
/*!40000 ALTER TABLE `auth_group_permissions` DISABLE KEYS */;
/*!40000 ALTER TABLE `auth_group_permissions` ENABLE KEYS */;
UNLOCK TABLES;

--
-- Table structure for table `auth_permission`
--

DROP TABLE IF EXISTS `auth_permission`;
/*!40101 SET @saved_cs_client     = @@character_set_client */;
/*!40101 SET character_set_client = utf8 */;
CREATE TABLE `auth_permission` (
  `id` int(11) NOT NULL AUTO_INCREMENT,
  `name` varchar(255) NOT NULL,
  `content_type_id` int(11) NOT NULL,
  `codename` varchar(100) NOT NULL,
  PRIMARY KEY (`id`),
  UNIQUE KEY `auth_permission_content_type_id_codename_01ab375a_uniq` (`content_type_id`,`codename`),
  CONSTRAINT `auth_permission_content_type_id_2f476e4b_fk_django_co` FOREIGN KEY (`content_type_id`) REFERENCES `django_content_type` (`id`)
) ENGINE=InnoDB AUTO_INCREMENT=129 DEFAULT CHARSET=utf8mb4;
/*!40101 SET character_set_client = @saved_cs_client */;

--
-- Dumping data for table `auth_permission`
--

LOCK TABLES `auth_permission` WRITE;
/*!40000 ALTER TABLE `auth_permission` DISABLE KEYS */;
INSERT INTO `auth_permission` VALUES (1,'Can add log entry',1,'add_logentry'),(2,'Can change log entry',1,'change_logentry'),(3,'Can delete log entry',1,'delete_logentry'),(4,'Can view log entry',1,'view_logentry'),(5,'Can add permission',2,'add_permission'),(6,'Can change permission',2,'change_permission'),(7,'Can delete permission',2,'delete_permission'),(8,'Can view permission',2,'view_permission'),(9,'Can add group',3,'add_group'),(10,'Can change group',3,'change_group'),(11,'Can delete group',3,'delete_group'),(12,'Can view group',3,'view_group'),(13,'Can add user',4,'add_user'),(14,'Can change user',4,'change_user'),(15,'Can delete user',4,'delete_user'),(16,'Can view user',4,'view_user'),(17,'Can add content type',5,'add_contenttype'),(18,'Can change content type',5,'change_contenttype'),(19,'Can delete content type',5,'delete_contenttype'),(20,'Can view content type',5,'view_contenttype'),(21,'Can add session',6,'add_session'),(22,'Can change session',6,'change_session'),(23,'Can delete session',6,'delete_session'),(24,'Can view session',6,'view_session'),(25,'Can add cognition map',7,'add_cognitionmap'),(26,'Can change cognition map',7,'change_cognitionmap'),(27,'Can delete cognition map',7,'delete_cognitionmap'),(28,'Can view cognition map',7,'view_cognitionmap'),(29,'Can add question',8,'add_question'),(30,'Can change question',8,'change_question'),(31,'Can delete question',8,'delete_question'),(32,'Can view question',8,'view_question'),(33,'Can add 知识点映射',9,'add_question_cognition_map'),(34,'Can change 知识点映射',9,'change_question_cognition_map'),(35,'Can delete 知识点映射',9,'delete_question_cognition_map'),(36,'Can view 知识点映射',9,'view_question_cognition_map'),(37,'Can add question answer',10,'add_questionanswer'),(38,'Can change question answer',10,'change_questionanswer'),(39,'Can delete question answer',10,'delete_questionanswer'),(40,'Can view question answer',10,'view_questionanswer'),(41,'Can add questionType',11,'add_questionapptype'),(42,'Can change questionType',11,'change_questionapptype'),(43,'Can delete questionType',11,'delete_questionapptype'),(44,'Can view questionType',11,'view_questionapptype'),(45,'Can add question choice',12,'add_questionchoice'),(46,'Can change question choice',12,'change_questionchoice'),(47,'Can delete question choice',12,'delete_questionchoice'),(48,'Can view question choice',12,'view_questionchoice'),(49,'Can add 美育-美术',13,'add_art'),(50,'Can change 美育-美术',13,'change_art'),(51,'Can delete 美育-美术',13,'delete_art'),(52,'Can view 美育-美术',13,'view_art'),(53,'Can add 美育-音乐',14,'add_artmusic'),(54,'Can change 美育-音乐',14,'change_artmusic'),(55,'Can delete 美育-音乐',14,'delete_artmusic'),(56,'Can view 美育-音乐',14,'view_artmusic'),(57,'Can add 班级人数',15,'add_classnumber'),(58,'Can change 班级人数',15,'change_classnumber'),(59,'Can delete 班级人数',15,'delete_classnumber'),(60,'Can view 班级人数',15,'view_classnumber'),(61,'Can add 导入测试',16,'add_importtest'),(62,'Can change 导入测试',16,'change_importtest'),(63,'Can delete 导入测试',16,'delete_importtest'),(64,'Can view 导入测试',16,'view_importtest'),(65,'Can add 智育-能力-口语测评',17,'add_intellectualabilitycolloquial'),(66,'Can change 智育-能力-口语测评',17,'change_intellectualabilitycolloquial'),(67,'Can delete 智育-能力-口语测评',17,'delete_intellectualabilitycolloquial'),(68,'Can view 智育-能力-口语测评',17,'view_intellectualabilitycolloquial'),(69,'Can add 智育-能力-创新精神',18,'add_intellectualabilitycreate'),(70,'Can change 智育-能力-创新精神',18,'change_intellectualabilitycreate'),(71,'Can delete 智育-能力-创新精神',18,'delete_intellectualabilitycreate'),(72,'Can view 智育-能力-创新精神',18,'view_intellectualabilitycreate'),(73,'Can add 智育-行为-态度与方法',19,'add_intellectualbehaviorattitudemethod'),(74,'Can change 智育-行为-态度与方法',19,'change_intellectualbehaviorattitudemethod'),(75,'Can delete 智育-行为-态度与方法',19,'delete_intellectualbehaviorattitudemethod'),(76,'Can view 智育-行为-态度与方法',19,'view_intellectualbehaviorattitudemethod'),(77,'Can add 智育-行为-风格',20,'add_intellectualbehaviorstyle'),(78,'Can change 智育-行为-风格',20,'change_intellectualbehaviorstyle'),(79,'Can delete 智育-行为-风格',20,'delete_intellectualbehaviorstyle'),(80,'Can view 智育-行为-风格',20,'view_intellectualbehaviorstyle'),(81,'Can add 智育-情感',21,'add_intellectualemotion'),(82,'Can change 智育-情感',21,'change_intellectualemotion'),(83,'Can delete 智育-情感',21,'delete_intellectualemotion'),(84,'Can view 智育-情感',21,'view_intellectualemotion'),(85,'Can add 智育-知识点掌握情况',22,'add_intellectualknowledge'),(86,'Can change 智育-知识点掌握情况',22,'change_intellectualknowledge'),(87,'Can delete 智育-知识点掌握情况',22,'delete_intellectualknowledge'),(88,'Can view 智育-知识点掌握情况',22,'view_intellectualknowledge'),(89,'Can add 知识点大数据知识点映射',23,'add_knowledge2bigdatacognitionmap'),(90,'Can change 知识点大数据知识点映射',23,'change_knowledge2bigdatacognitionmap'),(91,'Can delete 知识点大数据知识点映射',23,'delete_knowledge2bigdatacognitionmap'),(92,'Can view 知识点大数据知识点映射',23,'view_knowledge2bigdatacognitionmap'),(93,'Can add 智育-知识点情况',24,'add_knowledgecognition'),(94,'Can change 智育-知识点情况',24,'change_knowledgecognition'),(95,'Can delete 智育-知识点情况',24,'delete_knowledgecognition'),(96,'Can view 智育-知识点情况',24,'view_knowledgecognition'),(97,'Can add 劳育',25,'add_labor'),(98,'Can change 劳育',25,'change_labor'),(99,'Can delete 劳育',25,'delete_labor'),(100,'Can view 劳育',25,'view_labor'),(101,'Can add 德育',26,'add_morality'),(102,'Can change 德育',26,'change_morality'),(103,'Can delete 德育',26,'delete_morality'),(104,'Can view 德育',26,'view_morality'),(105,'Can add 德育-奖章',27,'add_moralitymedal'),(106,'Can change 德育-奖章',27,'change_moralitymedal'),(107,'Can delete 德育-奖章',27,'delete_moralitymedal'),(108,'Can view 德育-奖章',27,'view_moralitymedal'),(109,'Can add 问卷满分',28,'add_papergrade'),(110,'Can change 问卷满分',28,'change_papergrade'),(111,'Can delete 问卷满分',28,'delete_papergrade'),(112,'Can view 问卷满分',28,'view_papergrade'),(113,'Can add 用户',29,'add_person'),(114,'Can change 用户',29,'change_person'),(115,'Can delete 用户',29,'delete_person'),(116,'Can view 用户',29,'view_person'),(117,'Can add 体育',30,'add_sport'),(118,'Can change 体育',30,'change_sport'),(119,'Can delete 体育',30,'delete_sport'),(120,'Can view 体育',30,'view_sport'),(121,'Can add 体育-体检数据',31,'add_sportdata'),(122,'Can change 体育-体检数据',31,'change_sportdata'),(123,'Can delete 体育-体检数据',31,'delete_sportdata'),(124,'Can view 体育-体检数据',31,'view_sportdata'),(125,'Can add 体育-体检数据-成绩',32,'add_sportdatagrade'),(126,'Can change 体育-体检数据-成绩',32,'change_sportdatagrade'),(127,'Can delete 体育-体检数据-成绩',32,'delete_sportdatagrade'),(128,'Can view 体育-体检数据-成绩',32,'view_sportdatagrade');
/*!40000 ALTER TABLE `auth_permission` ENABLE KEYS */;
UNLOCK TABLES;

--
-- Table structure for table `auth_user`
--

DROP TABLE IF EXISTS `auth_user`;
/*!40101 SET @saved_cs_client     = @@character_set_client */;
/*!40101 SET character_set_client = utf8 */;
CREATE TABLE `auth_user` (
  `id` int(11) NOT NULL AUTO_INCREMENT,
  `password` varchar(128) NOT NULL,
  `last_login` datetime(6) DEFAULT NULL,
  `is_superuser` tinyint(1) NOT NULL,
  `username` varchar(150) NOT NULL,
  `first_name` varchar(150) NOT NULL,
  `last_name` varchar(150) NOT NULL,
  `email` varchar(254) NOT NULL,
  `is_staff` tinyint(1) NOT NULL,
  `is_active` tinyint(1) NOT NULL,
  `date_joined` datetime(6) NOT NULL,
  PRIMARY KEY (`id`),
  UNIQUE KEY `username` (`username`)
) ENGINE=InnoDB AUTO_INCREMENT=2 DEFAULT CHARSET=utf8mb4;
/*!40101 SET character_set_client = @saved_cs_client */;

--
-- Dumping data for table `auth_user`
--

LOCK TABLES `auth_user` WRITE;
/*!40000 ALTER TABLE `auth_user` DISABLE KEYS */;
INSERT INTO `auth_user` VALUES (1,'pbkdf2_sha256$260000$7wK4lOAgd4yatJhHdhfhwV$TcIhSGe/5Uz5qySY/AYYLvruZ63c9dKl4Q69W7XGgPE=','2023-06-03 11:51:05.035551',1,'root','','','root@qq.com',1,1,'2023-04-28 01:47:31.180449');
/*!40000 ALTER TABLE `auth_user` ENABLE KEYS */;
UNLOCK TABLES;

--
-- Table structure for table `auth_user_groups`
--

DROP TABLE IF EXISTS `auth_user_groups`;
/*!40101 SET @saved_cs_client     = @@character_set_client */;
/*!40101 SET character_set_client = utf8 */;
CREATE TABLE `auth_user_groups` (
  `id` bigint(20) NOT NULL AUTO_INCREMENT,
  `user_id` int(11) NOT NULL,
  `group_id` int(11) NOT NULL,
  PRIMARY KEY (`id`),
  UNIQUE KEY `auth_user_groups_user_id_group_id_94350c0c_uniq` (`user_id`,`group_id`),
  KEY `auth_user_groups_group_id_97559544_fk_auth_group_id` (`group_id`),
  CONSTRAINT `auth_user_groups_group_id_97559544_fk_auth_group_id` FOREIGN KEY (`group_id`) REFERENCES `auth_group` (`id`),
  CONSTRAINT `auth_user_groups_user_id_6a12ed8b_fk_auth_user_id` FOREIGN KEY (`user_id`) REFERENCES `auth_user` (`id`)
) ENGINE=InnoDB DEFAULT CHARSET=utf8mb4;
/*!40101 SET character_set_client = @saved_cs_client */;

--
-- Dumping data for table `auth_user_groups`
--

LOCK TABLES `auth_user_groups` WRITE;
/*!40000 ALTER TABLE `auth_user_groups` DISABLE KEYS */;
/*!40000 ALTER TABLE `auth_user_groups` ENABLE KEYS */;
UNLOCK TABLES;

--
-- Table structure for table `auth_user_user_permissions`
--

DROP TABLE IF EXISTS `auth_user_user_permissions`;
/*!40101 SET @saved_cs_client     = @@character_set_client */;
/*!40101 SET character_set_client = utf8 */;
CREATE TABLE `auth_user_user_permissions` (
  `id` bigint(20) NOT NULL AUTO_INCREMENT,
  `user_id` int(11) NOT NULL,
  `permission_id` int(11) NOT NULL,
  PRIMARY KEY (`id`),
  UNIQUE KEY `auth_user_user_permissions_user_id_permission_id_14a6b632_uniq` (`user_id`,`permission_id`),
  KEY `auth_user_user_permi_permission_id_1fbb5f2c_fk_auth_perm` (`permission_id`),
  CONSTRAINT `auth_user_user_permi_permission_id_1fbb5f2c_fk_auth_perm` FOREIGN KEY (`permission_id`) REFERENCES `auth_permission` (`id`),
  CONSTRAINT `auth_user_user_permissions_user_id_a95ead1b_fk_auth_user_id` FOREIGN KEY (`user_id`) REFERENCES `auth_user` (`id`)
) ENGINE=InnoDB DEFAULT CHARSET=utf8mb4;
/*!40101 SET character_set_client = @saved_cs_client */;

--
-- Dumping data for table `auth_user_user_permissions`
--

LOCK TABLES `auth_user_user_permissions` WRITE;
/*!40000 ALTER TABLE `auth_user_user_permissions` DISABLE KEYS */;
/*!40000 ALTER TABLE `auth_user_user_permissions` ENABLE KEYS */;
UNLOCK TABLES;

--
-- Table structure for table `classnumber`
--

DROP TABLE IF EXISTS `classnumber`;
/*!40101 SET @saved_cs_client     = @@character_set_client */;
/*!40101 SET character_set_client = utf8 */;
CREATE TABLE `classnumber` (
  `id` bigint(20) NOT NULL AUTO_INCREMENT,
  `grade` varchar(254) DEFAULT NULL,
  `number` int(11) DEFAULT NULL,
  PRIMARY KEY (`id`)
) ENGINE=InnoDB AUTO_INCREMENT=4 DEFAULT CHARSET=utf8mb4;
/*!40101 SET character_set_client = @saved_cs_client */;

--
-- Dumping data for table `classnumber`
--

LOCK TABLES `classnumber` WRITE;
/*!40000 ALTER TABLE `classnumber` DISABLE KEYS */;
INSERT INTO `classnumber` VALUES (1,'6-1',52),(2,'6-3',50),(3,'6-5',50);
/*!40000 ALTER TABLE `classnumber` ENABLE KEYS */;
UNLOCK TABLES;

--
-- Table structure for table `django_admin_log`
--

DROP TABLE IF EXISTS `django_admin_log`;
/*!40101 SET @saved_cs_client     = @@character_set_client */;
/*!40101 SET character_set_client = utf8 */;
CREATE TABLE `django_admin_log` (
  `id` int(11) NOT NULL AUTO_INCREMENT,
  `action_time` datetime(6) NOT NULL,
  `object_id` longtext,
  `object_repr` varchar(200) NOT NULL,
  `action_flag` smallint(5) unsigned NOT NULL,
  `change_message` longtext NOT NULL,
  `content_type_id` int(11) DEFAULT NULL,
  `user_id` int(11) NOT NULL,
  PRIMARY KEY (`id`),
  KEY `django_admin_log_content_type_id_c4bce8eb_fk_django_co` (`content_type_id`),
  KEY `django_admin_log_user_id_c564eba6_fk_auth_user_id` (`user_id`),
  CONSTRAINT `django_admin_log_content_type_id_c4bce8eb_fk_django_co` FOREIGN KEY (`content_type_id`) REFERENCES `django_content_type` (`id`),
  CONSTRAINT `django_admin_log_user_id_c564eba6_fk_auth_user_id` FOREIGN KEY (`user_id`) REFERENCES `auth_user` (`id`)
) ENGINE=InnoDB AUTO_INCREMENT=1668 DEFAULT CHARSET=utf8mb4;
/*!40101 SET character_set_client = @saved_cs_client */;

--
-- Dumping data for table `django_admin_log`
--

LOCK TABLES `django_admin_log` WRITE;
/*!40000 ALTER TABLE `django_admin_log` DISABLE KEYS */;
INSERT INTO `django_admin_log` VALUES (1,'2023-04-28 02:46:17.207837','1','ClassNumber object (1)',1,'[{\"added\": {}}]',15,1),(2,'2023-04-28 02:46:31.452432','2','ClassNumber object (2)',1,'[{\"added\": {}}]',15,1),(3,'2023-04-28 02:46:44.372261','3','ClassNumber object (3)',1,'[{\"added\": {}}]',15,1),(4,'2023-04-28 06:18:46.712295','dsbxxwy01','dsbxxwy01',1,'new through import_export',29,1),(5,'2023-04-28 06:18:46.719656','dsbxxwy02','dsbxxwy02',1,'new through import_export',29,1),(6,'2023-04-28 06:18:46.725985','dsbxxwy03','dsbxxwy03',1,'new through import_export',29,1),(7,'2023-04-28 06:18:46.732680','dsbxxwy04','dsbxxwy04',1,'new through import_export',29,1),(8,'2023-04-28 06:18:46.739015','dsbxxwy05','dsbxxwy05',1,'new through import_export',29,1),(9,'2023-04-28 06:18:46.745447','dsbxxwy06','dsbxxwy06',1,'new through import_export',29,1),(10,'2023-04-28 06:18:46.752002','dsbxxwy07','dsbxxwy07',1,'new through import_export',29,1),(11,'2023-04-28 06:18:46.758876','dsbxxwy08','dsbxxwy08',1,'new through import_export',29,1),(12,'2023-04-28 06:18:46.765328','dsbxxwy09','dsbxxwy09',1,'new through import_export',29,1),(13,'2023-04-28 06:18:46.771686','dsbxxwy10','dsbxxwy10',1,'new through import_export',29,1),(14,'2023-04-28 06:18:46.777795','dsbxxwy11','dsbxxwy11',1,'new through import_export',29,1),(15,'2023-04-28 06:18:46.784318','dsbxxwy12','dsbxxwy12',1,'new through import_export',29,1),(16,'2023-04-28 06:18:46.790747','dsbxxwy13','dsbxxwy13',1,'new through import_export',29,1),(17,'2023-04-28 06:18:46.797176','dsbxxwy14','dsbxxwy14',1,'new through import_export',29,1),(18,'2023-04-28 06:18:46.803910','dsbxxwy15','dsbxxwy15',1,'new through import_export',29,1),(19,'2023-04-28 06:18:46.810940','dsbxxwy16','dsbxxwy16',1,'new through import_export',29,1),(20,'2023-04-28 06:18:46.818636','dsbxxwy17','dsbxxwy17',1,'new through import_export',29,1),(21,'2023-04-28 06:18:46.825344','dsbxxwy18','dsbxxwy18',1,'new through import_export',29,1),(22,'2023-04-28 06:18:46.831993','dsbxxwy19','dsbxxwy19',1,'new through import_export',29,1),(23,'2023-04-28 06:18:46.838566','dsbxxwy20','dsbxxwy20',1,'new through import_export',29,1),(24,'2023-04-28 06:18:46.844891','dsbxxwy21','dsbxxwy21',1,'new through import_export',29,1),(25,'2023-04-28 06:18:46.851706','dsbxxwy22','dsbxxwy22',1,'new through import_export',29,1),(26,'2023-04-28 06:18:46.858386','dsbxxwy23','dsbxxwy23',1,'new through import_export',29,1),(27,'2023-04-28 06:18:46.865207','dsbxxwy24','dsbxxwy24',1,'new through import_export',29,1),(28,'2023-04-28 06:18:46.872827','dsbxxwy25','dsbxxwy25',1,'new through import_export',29,1),(29,'2023-04-28 06:18:46.879493','dsbxxwy26','dsbxxwy26',1,'new through import_export',29,1),(30,'2023-04-28 06:18:46.885740','dsbxxwy27','dsbxxwy27',1,'new through import_export',29,1),(31,'2023-04-28 06:18:46.892224','dsbxxwy28','dsbxxwy28',1,'new through import_export',29,1),(32,'2023-04-28 06:18:46.898801','dsbxxwy29','dsbxxwy29',1,'new through import_export',29,1),(33,'2023-04-28 06:18:46.905605','dsbxxwy30','dsbxxwy30',1,'new through import_export',29,1),(34,'2023-04-28 06:18:46.925872','dsbxxwy31','dsbxxwy31',1,'new through import_export',29,1),(35,'2023-04-28 06:18:46.933567','dsbxxwy32','dsbxxwy32',1,'new through import_export',29,1),(36,'2023-04-28 06:18:46.940623','dsbxxwy33','dsbxxwy33',1,'new through import_export',29,1),(37,'2023-04-28 06:18:46.947728','dsbxxwy34','dsbxxwy34',1,'new through import_export',29,1),(38,'2023-04-28 06:18:46.954872','dsbxxwy35','dsbxxwy35',1,'new through import_export',29,1),(39,'2023-04-28 06:18:46.962342','dsbxxwy36','dsbxxwy36',1,'new through import_export',29,1),(40,'2023-04-28 06:18:46.969329','dsbxxwy37','dsbxxwy37',1,'new through import_export',29,1),(41,'2023-04-28 06:18:46.976372','dsbxxwy38','dsbxxwy38',1,'new through import_export',29,1),(42,'2023-04-28 06:18:46.983770','dsbxxwy39','dsbxxwy39',1,'new through import_export',29,1),(43,'2023-04-28 06:18:46.990830','dsbxxwy40','dsbxxwy40',1,'new through import_export',29,1),(44,'2023-04-28 06:18:46.997892','dsbxxwy41','dsbxxwy41',1,'new through import_export',29,1),(45,'2023-04-28 06:18:47.005168','dsbxxwy42','dsbxxwy42',1,'new through import_export',29,1),(46,'2023-04-28 06:18:47.012331','dsbxxwy43','dsbxxwy43',1,'new through import_export',29,1),(47,'2023-04-28 06:18:47.019501','dsbxxwy44','dsbxxwy44',1,'new through import_export',29,1),(48,'2023-04-28 06:18:47.026757','dsbxxwy45','dsbxxwy45',1,'new through import_export',29,1),(49,'2023-04-28 06:18:47.034154','dsbxxwy46','dsbxxwy46',1,'new through import_export',29,1),(50,'2023-04-28 06:18:47.041527','dsbxxwy47','dsbxxwy47',1,'new through import_export',29,1),(51,'2023-04-28 06:18:47.048993','dsbxxwy48','dsbxxwy48',1,'new through import_export',29,1),(52,'2023-04-28 06:18:47.056328','dsbxxwy49','dsbxxwy49',1,'new through import_export',29,1),(53,'2023-04-28 06:18:47.063614','dsbxxwy50','dsbxxwy50',1,'new through import_export',29,1),(54,'2023-04-28 06:18:47.071013','dsbxxwy51','dsbxxwy51',1,'new through import_export',29,1),(55,'2023-04-28 06:18:47.078792','dsbxxwy52','dsbxxwy52',1,'new through import_export',29,1),(56,'2023-04-28 06:19:20.843260','dsbxxws01','dsbxxws01',1,'new through import_export',29,1),(57,'2023-04-28 06:19:20.850195','dsbxxws02','dsbxxws02',1,'new through import_export',29,1),(58,'2023-04-28 06:19:20.856522','dsbxxws03','dsbxxws03',1,'new through import_export',29,1),(59,'2023-04-28 06:19:20.863099','dsbxxws04','dsbxxws04',1,'new through import_export',29,1),(60,'2023-04-28 06:19:20.869628','dsbxxws05','dsbxxws05',1,'new through import_export',29,1),(61,'2023-04-28 06:19:20.875664','dsbxxws06','dsbxxws06',1,'new through import_export',29,1),(62,'2023-04-28 06:19:20.882402','dsbxxws07','dsbxxws07',1,'new through import_export',29,1),(63,'2023-04-28 06:19:20.889637','dsbxxws08','dsbxxws08',1,'new through import_export',29,1),(64,'2023-04-28 06:19:20.896376','dsbxxws09','dsbxxws09',1,'new through import_export',29,1),(65,'2023-04-28 06:19:20.903182','dsbxxws10','dsbxxws10',1,'new through import_export',29,1),(66,'2023-04-28 06:19:20.910098','dsbxxws11','dsbxxws11',1,'new through import_export',29,1),(67,'2023-04-28 06:19:20.917588','dsbxxws12','dsbxxws12',1,'new through import_export',29,1),(68,'2023-04-28 06:19:20.925772','dsbxxws13','dsbxxws13',1,'new through import_export',29,1),(69,'2023-04-28 06:19:20.932601','dsbxxws14','dsbxxws14',1,'new through import_export',29,1),(70,'2023-04-28 06:19:20.940787','dsbxxws15','dsbxxws15',1,'new through import_export',29,1),(71,'2023-04-28 06:19:20.947560','dsbxxws16','dsbxxws16',1,'new through import_export',29,1),(72,'2023-04-28 06:19:20.953901','dsbxxws17','dsbxxws17',1,'new through import_export',29,1),(73,'2023-04-28 06:19:20.960458','dsbxxws18','dsbxxws18',1,'new through import_export',29,1),(74,'2023-04-28 06:19:20.966907','dsbxxws19','dsbxxws19',1,'new through import_export',29,1),(75,'2023-04-28 06:19:20.973684','dsbxxws20','dsbxxws20',1,'new through import_export',29,1),(76,'2023-04-28 06:19:20.980281','dsbxxws21','dsbxxws21',1,'new through import_export',29,1),(77,'2023-04-28 06:19:20.986821','dsbxxws22','dsbxxws22',1,'new through import_export',29,1),(78,'2023-04-28 06:19:20.993842','dsbxxws23','dsbxxws23',1,'new through import_export',29,1),(79,'2023-04-28 06:19:21.000906','dsbxxws24','dsbxxws24',1,'new through import_export',29,1),(80,'2023-04-28 06:19:21.007510','dsbxxws25','dsbxxws25',1,'new through import_export',29,1),(81,'2023-04-28 06:19:21.014085','dsbxxws26','dsbxxws26',1,'new through import_export',29,1),(82,'2023-04-28 06:19:21.020794','dsbxxws27','dsbxxws27',1,'new through import_export',29,1),(83,'2023-04-28 06:19:21.027486','dsbxxws28','dsbxxws28',1,'new through import_export',29,1),(84,'2023-04-28 06:19:21.033972','dsbxxws29','dsbxxws29',1,'new through import_export',29,1),(85,'2023-04-28 06:19:21.040536','dsbxxws30','dsbxxws30',1,'new through import_export',29,1),(86,'2023-04-28 06:19:21.046650','dsbxxws31','dsbxxws31',1,'new through import_export',29,1),(87,'2023-04-28 06:19:21.052946','dsbxxws32','dsbxxws32',1,'new through import_export',29,1),(88,'2023-04-28 06:19:21.059333','dsbxxws33','dsbxxws33',1,'new through import_export',29,1),(89,'2023-04-28 06:19:21.066042','dsbxxws34','dsbxxws34',1,'new through import_export',29,1),(90,'2023-04-28 06:19:21.072707','dsbxxws35','dsbxxws35',1,'new through import_export',29,1),(91,'2023-04-28 06:19:21.078994','dsbxxws36','dsbxxws36',1,'new through import_export',29,1),(92,'2023-04-28 06:19:21.085828','dsbxxws37','dsbxxws37',1,'new through import_export',29,1),(93,'2023-04-28 06:19:21.095020','dsbxxws38','dsbxxws38',1,'new through import_export',29,1),(94,'2023-04-28 06:19:21.102375','dsbxxws39','dsbxxws39',1,'new through import_export',29,1),(95,'2023-04-28 06:19:21.109457','dsbxxws40','dsbxxws40',1,'new through import_export',29,1),(96,'2023-04-28 06:19:21.116040','dsbxxws41','dsbxxws41',1,'new through import_export',29,1),(97,'2023-04-28 06:19:21.122132','dsbxxws42','dsbxxws42',1,'new through import_export',29,1),(98,'2023-04-28 06:19:21.128276','dsbxxws43','dsbxxws43',1,'new through import_export',29,1),(99,'2023-04-28 06:19:21.134713','dsbxxws44','dsbxxws44',1,'new through import_export',29,1),(100,'2023-04-28 06:19:21.141221','dsbxxws45','dsbxxws45',1,'new through import_export',29,1),(101,'2023-04-28 06:19:21.147488','dsbxxws46','dsbxxws46',1,'new through import_export',29,1),(102,'2023-04-28 06:19:21.153907','dsbxxws47','dsbxxws47',1,'new through import_export',29,1),(103,'2023-04-28 06:19:21.160073','dsbxxws48','dsbxxws48',1,'new through import_export',29,1),(104,'2023-04-28 06:19:21.167201','dsbxxws49','dsbxxws49',1,'new through import_export',29,1),(105,'2023-04-28 06:19:21.174386','dsbxxws50','dsbxxws50',1,'new through import_export',29,1),(106,'2023-04-28 06:19:36.315670','dsbxxww01','dsbxxww01',1,'new through import_export',29,1),(107,'2023-04-28 06:19:36.323116','dsbxxww02','dsbxxww02',1,'new through import_export',29,1),(108,'2023-04-28 06:19:36.329008','dsbxxww03','dsbxxww03',1,'new through import_export',29,1),(109,'2023-04-28 06:19:36.335073','dsbxxww04','dsbxxww04',1,'new through import_export',29,1),(110,'2023-04-28 06:19:36.341342','dsbxxww05','dsbxxww05',1,'new through import_export',29,1),(111,'2023-04-28 06:19:36.347792','dsbxxww06','dsbxxww06',1,'new through import_export',29,1),(112,'2023-04-28 06:19:36.358331','dsbxxww07','dsbxxww07',1,'new through import_export',29,1),(113,'2023-04-28 06:19:36.365533','dsbxxww08','dsbxxww08',1,'new through import_export',29,1),(114,'2023-04-28 06:19:36.372384','dsbxxww09','dsbxxww09',1,'new through import_export',29,1),(115,'2023-04-28 06:19:36.379131','dsbxxww10','dsbxxww10',1,'new through import_export',29,1),(116,'2023-04-28 06:19:36.385553','dsbxxww11','dsbxxww11',1,'new through import_export',29,1),(117,'2023-04-28 06:19:36.391838','dsbxxww12','dsbxxww12',1,'new through import_export',29,1),(118,'2023-04-28 06:19:36.398115','dsbxxww13','dsbxxww13',1,'new through import_export',29,1),(119,'2023-04-28 06:19:36.410638','dsbxxww14','dsbxxww14',1,'new through import_export',29,1),(120,'2023-04-28 06:19:36.417075','dsbxxww15','dsbxxww15',1,'new through import_export',29,1),(121,'2023-04-28 06:19:36.423295','dsbxxww16','dsbxxww16',1,'new through import_export',29,1),(122,'2023-04-28 06:19:36.430602','dsbxxww17','dsbxxww17',1,'new through import_export',29,1),(123,'2023-04-28 06:19:36.436879','dsbxxww18','dsbxxww18',1,'new through import_export',29,1),(124,'2023-04-28 06:19:36.442737','dsbxxww19','dsbxxww19',1,'new through import_export',29,1),(125,'2023-04-28 06:19:36.448966','dsbxxww20','dsbxxww20',1,'new through import_export',29,1),(126,'2023-04-28 06:19:36.455452','dsbxxww21','dsbxxww21',1,'new through import_export',29,1),(127,'2023-04-28 06:19:36.462192','dsbxxww22','dsbxxww22',1,'new through import_export',29,1),(128,'2023-04-28 06:19:36.468537','dsbxxww23','dsbxxww23',1,'new through import_export',29,1),(129,'2023-04-28 06:19:36.476200','dsbxxww24','dsbxxww24',1,'new through import_export',29,1),(130,'2023-04-28 06:19:36.482576','dsbxxww25','dsbxxww25',1,'new through import_export',29,1),(131,'2023-04-28 06:19:36.488895','dsbxxww26','dsbxxww26',1,'new through import_export',29,1),(132,'2023-04-28 06:19:36.495210','dsbxxww27','dsbxxww27',1,'new through import_export',29,1),(133,'2023-04-28 06:19:36.501484','dsbxxww28','dsbxxww28',1,'new through import_export',29,1),(134,'2023-04-28 06:19:36.507924','dsbxxww29','dsbxxww29',1,'new through import_export',29,1),(135,'2023-04-28 06:19:36.514357','dsbxxww30','dsbxxww30',1,'new through import_export',29,1),(136,'2023-04-28 06:19:36.521142','dsbxxww31','dsbxxww31',1,'new through import_export',29,1),(137,'2023-04-28 06:19:36.533525','dsbxxww32','dsbxxww32',1,'new through import_export',29,1),(138,'2023-04-28 06:19:36.540502','dsbxxww33','dsbxxww33',1,'new through import_export',29,1),(139,'2023-04-28 06:19:36.548886','dsbxxww34','dsbxxww34',1,'new through import_export',29,1),(140,'2023-04-28 06:19:36.555637','dsbxxww35','dsbxxww35',1,'new through import_export',29,1),(141,'2023-04-28 06:19:36.562337','dsbxxww36','dsbxxww36',1,'new through import_export',29,1),(142,'2023-04-28 06:19:36.568635','dsbxxww37','dsbxxww37',1,'new through import_export',29,1),(143,'2023-04-28 06:19:36.575410','dsbxxww38','dsbxxww38',1,'new through import_export',29,1),(144,'2023-04-28 06:19:36.581374','dsbxxww39','dsbxxww39',1,'new through import_export',29,1),(145,'2023-04-28 06:19:36.587503','dsbxxww40','dsbxxww40',1,'new through import_export',29,1),(146,'2023-04-28 06:19:36.593750','dsbxxww41','dsbxxww41',1,'new through import_export',29,1),(147,'2023-04-28 06:19:36.600144','dsbxxww42','dsbxxww42',1,'new through import_export',29,1),(148,'2023-04-28 06:19:36.607283','dsbxxww43','dsbxxww43',1,'new through import_export',29,1),(149,'2023-04-28 06:19:36.613422','dsbxxww44','dsbxxww44',1,'new through import_export',29,1),(150,'2023-04-28 06:19:36.619457','dsbxxww45','dsbxxww45',1,'new through import_export',29,1),(151,'2023-04-28 06:19:36.625335','dsbxxww46','dsbxxww46',1,'new through import_export',29,1),(152,'2023-04-28 06:19:36.631117','dsbxxww47','dsbxxww47',1,'new through import_export',29,1),(153,'2023-04-28 06:19:36.637440','dsbxxww48','dsbxxww48',1,'new through import_export',29,1),(154,'2023-04-28 06:19:36.643538','dsbxxww49','dsbxxww49',1,'new through import_export',29,1),(155,'2023-04-28 06:19:36.649619','dsbxxww50','dsbxxww50',1,'new through import_export',29,1),(156,'2023-04-28 06:33:42.404468','49','SportDataGrade object (49)',1,'new through import_export',32,1),(157,'2023-04-28 06:33:42.411944','50','SportDataGrade object (50)',1,'new through import_export',32,1),(158,'2023-04-28 06:33:42.418890','51','SportDataGrade object (51)',1,'new through import_export',32,1),(159,'2023-04-28 06:33:42.425662','52','SportDataGrade object (52)',1,'new through import_export',32,1),(160,'2023-04-28 06:33:42.432185','53','SportDataGrade object (53)',1,'new through import_export',32,1),(161,'2023-04-28 06:33:42.438880','54','SportDataGrade object (54)',1,'new through import_export',32,1),(162,'2023-04-28 06:33:42.445678','55','SportDataGrade object (55)',1,'new through import_export',32,1),(163,'2023-04-28 06:33:42.453693','56','SportDataGrade object (56)',1,'new through import_export',32,1),(164,'2023-04-28 06:33:42.460985','57','SportDataGrade object (57)',1,'new through import_export',32,1),(165,'2023-04-28 06:33:42.468026','58','SportDataGrade object (58)',1,'new through import_export',32,1),(166,'2023-04-28 06:33:42.475360','59','SportDataGrade object (59)',1,'new through import_export',32,1),(167,'2023-04-28 06:33:42.482510','60','SportDataGrade object (60)',1,'new through import_export',32,1),(168,'2023-04-28 06:33:42.489363','61','SportDataGrade object (61)',1,'new through import_export',32,1),(169,'2023-04-28 06:33:42.496425','62','SportDataGrade object (62)',1,'new through import_export',32,1),(170,'2023-04-28 06:33:42.503005','63','SportDataGrade object (63)',1,'new through import_export',32,1),(171,'2023-04-28 06:33:42.510036','64','SportDataGrade object (64)',1,'new through import_export',32,1),(172,'2023-04-28 06:33:42.517119','65','SportDataGrade object (65)',1,'new through import_export',32,1),(173,'2023-04-28 06:33:42.523694','66','SportDataGrade object (66)',1,'new through import_export',32,1),(174,'2023-04-28 06:33:42.531521','67','SportDataGrade object (67)',1,'new through import_export',32,1),(175,'2023-04-28 06:33:42.537986','68','SportDataGrade object (68)',1,'new through import_export',32,1),(176,'2023-04-28 06:33:42.545066','69','SportDataGrade object (69)',1,'new through import_export',32,1),(177,'2023-04-28 06:33:42.551550','70','SportDataGrade object (70)',1,'new through import_export',32,1),(178,'2023-04-28 06:33:42.557784','71','SportDataGrade object (71)',1,'new through import_export',32,1),(179,'2023-04-28 06:33:42.563936','72','SportDataGrade object (72)',1,'new through import_export',32,1),(180,'2023-04-28 06:33:42.570056','73','SportDataGrade object (73)',1,'new through import_export',32,1),(181,'2023-04-28 06:33:42.575856','74','SportDataGrade object (74)',1,'new through import_export',32,1),(182,'2023-04-28 06:33:42.581852','75','SportDataGrade object (75)',1,'new through import_export',32,1),(183,'2023-04-28 06:33:42.587517','76','SportDataGrade object (76)',1,'new through import_export',32,1),(184,'2023-04-28 06:33:42.593287','77','SportDataGrade object (77)',1,'new through import_export',32,1),(185,'2023-04-28 06:33:42.599176','78','SportDataGrade object (78)',1,'new through import_export',32,1),(186,'2023-04-28 06:33:42.605206','79','SportDataGrade object (79)',1,'new through import_export',32,1),(187,'2023-04-28 06:33:42.612138','80','SportDataGrade object (80)',1,'new through import_export',32,1),(188,'2023-04-28 06:33:42.618650','81','SportDataGrade object (81)',1,'new through import_export',32,1),(189,'2023-04-28 06:33:42.624900','82','SportDataGrade object (82)',1,'new through import_export',32,1),(190,'2023-04-28 06:33:42.631018','83','SportDataGrade object (83)',1,'new through import_export',32,1),(191,'2023-04-28 06:33:42.639647','84','SportDataGrade object (84)',1,'new through import_export',32,1),(192,'2023-04-28 06:33:42.646566','85','SportDataGrade object (85)',1,'new through import_export',32,1),(193,'2023-04-28 06:33:42.653037','86','SportDataGrade object (86)',1,'new through import_export',32,1),(194,'2023-04-28 06:33:42.659483','87','SportDataGrade object (87)',1,'new through import_export',32,1),(195,'2023-04-28 06:33:42.665779','88','SportDataGrade object (88)',1,'new through import_export',32,1),(196,'2023-04-28 06:33:42.672809','89','SportDataGrade object (89)',1,'new through import_export',32,1),(197,'2023-04-28 06:33:42.679445','90','SportDataGrade object (90)',1,'new through import_export',32,1),(198,'2023-04-28 06:33:42.685933','91','SportDataGrade object (91)',1,'new through import_export',32,1),(199,'2023-04-28 06:33:42.692188','92','SportDataGrade object (92)',1,'new through import_export',32,1),(200,'2023-04-28 06:33:42.704497','93','SportDataGrade object (93)',1,'new through import_export',32,1),(201,'2023-04-28 06:33:42.710835','94','SportDataGrade object (94)',1,'new through import_export',32,1),(202,'2023-04-28 06:33:42.716981','95','SportDataGrade object (95)',1,'new through import_export',32,1),(203,'2023-04-28 06:33:42.723070','96','SportDataGrade object (96)',1,'new through import_export',32,1),(204,'2023-04-28 06:33:53.289475','141','SportDataGrade object (141)',1,'new through import_export',32,1),(205,'2023-04-28 06:33:53.296689','142','SportDataGrade object (142)',1,'new through import_export',32,1),(206,'2023-04-28 06:33:53.303447','143','SportDataGrade object (143)',1,'new through import_export',32,1),(207,'2023-04-28 06:33:53.309713','144','SportDataGrade object (144)',1,'new through import_export',32,1),(208,'2023-04-28 06:33:53.316678','145','SportDataGrade object (145)',1,'new through import_export',32,1),(209,'2023-04-28 06:33:53.323326','146','SportDataGrade object (146)',1,'new through import_export',32,1),(210,'2023-04-28 06:33:53.330270','147','SportDataGrade object (147)',1,'new through import_export',32,1),(211,'2023-04-28 06:33:53.337112','148','SportDataGrade object (148)',1,'new through import_export',32,1),(212,'2023-04-28 06:33:53.344121','149','SportDataGrade object (149)',1,'new through import_export',32,1),(213,'2023-04-28 06:33:53.350950','150','SportDataGrade object (150)',1,'new through import_export',32,1),(214,'2023-04-28 06:33:53.358296','151','SportDataGrade object (151)',1,'new through import_export',32,1),(215,'2023-04-28 06:33:53.365694','152','SportDataGrade object (152)',1,'new through import_export',32,1),(216,'2023-04-28 06:33:53.372882','153','SportDataGrade object (153)',1,'new through import_export',32,1),(217,'2023-04-28 06:33:53.381015','154','SportDataGrade object (154)',1,'new through import_export',32,1),(218,'2023-04-28 06:33:53.388183','155','SportDataGrade object (155)',1,'new through import_export',32,1),(219,'2023-04-28 06:33:53.395470','156','SportDataGrade object (156)',1,'new through import_export',32,1),(220,'2023-04-28 06:33:53.402466','157','SportDataGrade object (157)',1,'new through import_export',32,1),(221,'2023-04-28 06:33:53.409283','158','SportDataGrade object (158)',1,'new through import_export',32,1),(222,'2023-04-28 06:33:53.422057','159','SportDataGrade object (159)',1,'new through import_export',32,1),(223,'2023-04-28 06:33:53.428332','160','SportDataGrade object (160)',1,'new through import_export',32,1),(224,'2023-04-28 06:33:53.434576','161','SportDataGrade object (161)',1,'new through import_export',32,1),(225,'2023-04-28 06:33:53.441803','162','SportDataGrade object (162)',1,'new through import_export',32,1),(226,'2023-04-28 06:33:53.448445','163','SportDataGrade object (163)',1,'new through import_export',32,1),(227,'2023-04-28 06:33:53.454847','164','SportDataGrade object (164)',1,'new through import_export',32,1),(228,'2023-04-28 06:33:53.461272','165','SportDataGrade object (165)',1,'new through import_export',32,1),(229,'2023-04-28 06:33:53.477778','166','SportDataGrade object (166)',1,'new through import_export',32,1),(230,'2023-04-28 06:33:53.484969','167','SportDataGrade object (167)',1,'new through import_export',32,1),(231,'2023-04-28 06:33:53.491841','168','SportDataGrade object (168)',1,'new through import_export',32,1),(232,'2023-04-28 06:33:53.498574','169','SportDataGrade object (169)',1,'new through import_export',32,1),(233,'2023-04-28 06:33:53.506444','170','SportDataGrade object (170)',1,'new through import_export',32,1),(234,'2023-04-28 06:33:53.513337','171','SportDataGrade object (171)',1,'new through import_export',32,1),(235,'2023-04-28 06:33:53.520424','172','SportDataGrade object (172)',1,'new through import_export',32,1),(236,'2023-04-28 06:33:53.527331','173','SportDataGrade object (173)',1,'new through import_export',32,1),(237,'2023-04-28 06:33:53.534031','174','SportDataGrade object (174)',1,'new through import_export',32,1),(238,'2023-04-28 06:33:53.540918','175','SportDataGrade object (175)',1,'new through import_export',32,1),(239,'2023-04-28 06:33:53.547609','176','SportDataGrade object (176)',1,'new through import_export',32,1),(240,'2023-04-28 06:33:53.554460','177','SportDataGrade object (177)',1,'new through import_export',32,1),(241,'2023-04-28 06:33:53.561053','178','SportDataGrade object (178)',1,'new through import_export',32,1),(242,'2023-04-28 06:33:53.567592','179','SportDataGrade object (179)',1,'new through import_export',32,1),(243,'2023-04-28 06:33:53.574433','180','SportDataGrade object (180)',1,'new through import_export',32,1),(244,'2023-04-28 06:33:53.581239','181','SportDataGrade object (181)',1,'new through import_export',32,1),(245,'2023-04-28 06:33:53.588229','182','SportDataGrade object (182)',1,'new through import_export',32,1),(246,'2023-04-28 06:33:53.595219','183','SportDataGrade object (183)',1,'new through import_export',32,1),(247,'2023-04-28 06:33:53.601893','184','SportDataGrade object (184)',1,'new through import_export',32,1),(248,'2023-04-28 06:34:03.556274','233','SportDataGrade object (233)',1,'new through import_export',32,1),(249,'2023-04-28 06:34:03.563253','234','SportDataGrade object (234)',1,'new through import_export',32,1),(250,'2023-04-28 06:34:03.578961','235','SportDataGrade object (235)',1,'new through import_export',32,1),(251,'2023-04-28 06:34:03.585986','236','SportDataGrade object (236)',1,'new through import_export',32,1),(252,'2023-04-28 06:34:03.593314','237','SportDataGrade object (237)',1,'new through import_export',32,1),(253,'2023-04-28 06:34:03.599883','238','SportDataGrade object (238)',1,'new through import_export',32,1),(254,'2023-04-28 06:34:03.606923','239','SportDataGrade object (239)',1,'new through import_export',32,1),(255,'2023-04-28 06:34:03.613599','240','SportDataGrade object (240)',1,'new through import_export',32,1),(256,'2023-04-28 06:34:03.621313','241','SportDataGrade object (241)',1,'new through import_export',32,1),(257,'2023-04-28 06:34:03.627830','242','SportDataGrade object (242)',1,'new through import_export',32,1),(258,'2023-04-28 06:34:03.633805','243','SportDataGrade object (243)',1,'new through import_export',32,1),(259,'2023-04-28 06:34:03.640677','244','SportDataGrade object (244)',1,'new through import_export',32,1),(260,'2023-04-28 06:34:03.647275','245','SportDataGrade object (245)',1,'new through import_export',32,1),(261,'2023-04-28 06:34:03.653828','246','SportDataGrade object (246)',1,'new through import_export',32,1),(262,'2023-04-28 06:34:03.660233','247','SportDataGrade object (247)',1,'new through import_export',32,1),(263,'2023-04-28 06:34:03.666902','248','SportDataGrade object (248)',1,'new through import_export',32,1),(264,'2023-04-28 06:34:03.673466','249','SportDataGrade object (249)',1,'new through import_export',32,1),(265,'2023-04-28 06:34:03.680307','250','SportDataGrade object (250)',1,'new through import_export',32,1),(266,'2023-04-28 06:34:03.687020','251','SportDataGrade object (251)',1,'new through import_export',32,1),(267,'2023-04-28 06:34:03.693527','252','SportDataGrade object (252)',1,'new through import_export',32,1),(268,'2023-04-28 06:34:03.700312','253','SportDataGrade object (253)',1,'new through import_export',32,1),(269,'2023-04-28 06:34:03.710988','254','SportDataGrade object (254)',1,'new through import_export',32,1),(270,'2023-04-28 06:34:03.717786','255','SportDataGrade object (255)',1,'new through import_export',32,1),(271,'2023-04-28 06:34:03.725342','256','SportDataGrade object (256)',1,'new through import_export',32,1),(272,'2023-04-28 06:34:03.731999','257','SportDataGrade object (257)',1,'new through import_export',32,1),(273,'2023-04-28 06:34:03.738432','258','SportDataGrade object (258)',1,'new through import_export',32,1),(274,'2023-04-28 06:34:03.744565','259','SportDataGrade object (259)',1,'new through import_export',32,1),(275,'2023-04-28 06:34:03.750989','260','SportDataGrade object (260)',1,'new through import_export',32,1),(276,'2023-04-28 06:34:03.757391','261','SportDataGrade object (261)',1,'new through import_export',32,1),(277,'2023-04-28 06:34:03.763496','262','SportDataGrade object (262)',1,'new through import_export',32,1),(278,'2023-04-28 06:34:03.770086','263','SportDataGrade object (263)',1,'new through import_export',32,1),(279,'2023-04-28 06:34:03.777026','264','SportDataGrade object (264)',1,'new through import_export',32,1),(280,'2023-04-28 06:34:03.783569','265','SportDataGrade object (265)',1,'new through import_export',32,1),(281,'2023-04-28 06:34:03.790328','266','SportDataGrade object (266)',1,'new through import_export',32,1),(282,'2023-04-28 06:34:03.796739','267','SportDataGrade object (267)',1,'new through import_export',32,1),(283,'2023-04-28 06:34:03.803561','268','SportDataGrade object (268)',1,'new through import_export',32,1),(284,'2023-04-28 06:34:03.810298','269','SportDataGrade object (269)',1,'new through import_export',32,1),(285,'2023-04-28 06:34:03.822183','270','SportDataGrade object (270)',1,'new through import_export',32,1),(286,'2023-04-28 06:34:03.829061','271','SportDataGrade object (271)',1,'new through import_export',32,1),(287,'2023-04-28 06:34:03.835681','272','SportDataGrade object (272)',1,'new through import_export',32,1),(288,'2023-04-28 06:34:03.841883','273','SportDataGrade object (273)',1,'new through import_export',32,1),(289,'2023-04-28 06:34:03.848486','274','SportDataGrade object (274)',1,'new through import_export',32,1),(290,'2023-04-28 06:34:03.854912','275','SportDataGrade object (275)',1,'new through import_export',32,1),(291,'2023-04-28 06:34:03.861395','276','SportDataGrade object (276)',1,'new through import_export',32,1),(292,'2023-04-28 06:34:03.867711','277','SportDataGrade object (277)',1,'new through import_export',32,1),(293,'2023-04-28 06:34:03.873982','278','SportDataGrade object (278)',1,'new through import_export',32,1),(294,'2023-04-28 06:34:03.880411','279','SportDataGrade object (279)',1,'new through import_export',32,1),(295,'2023-04-28 06:34:03.886844','280','SportDataGrade object (280)',1,'new through import_export',32,1),(296,'2023-04-28 06:34:56.958338','24','Knowledge2bigDataCognitionMap object (24)',1,'new through import_export',23,1),(297,'2023-04-28 06:34:56.965407','25','Knowledge2bigDataCognitionMap object (25)',1,'new through import_export',23,1),(298,'2023-04-28 06:34:56.971597','26','Knowledge2bigDataCognitionMap object (26)',1,'new through import_export',23,1),(299,'2023-04-28 06:34:56.977998','27','Knowledge2bigDataCognitionMap object (27)',1,'new through import_export',23,1),(300,'2023-04-28 06:34:56.984343','28','Knowledge2bigDataCognitionMap object (28)',1,'new through import_export',23,1),(301,'2023-04-28 06:34:56.990870','29','Knowledge2bigDataCognitionMap object (29)',1,'new through import_export',23,1),(302,'2023-04-28 06:34:56.997160','30','Knowledge2bigDataCognitionMap object (30)',1,'new through import_export',23,1),(303,'2023-04-28 06:34:57.003657','31','Knowledge2bigDataCognitionMap object (31)',1,'new through import_export',23,1),(304,'2023-04-28 06:34:57.010440','32','Knowledge2bigDataCognitionMap object (32)',1,'new through import_export',23,1),(305,'2023-04-28 06:34:57.016662','33','Knowledge2bigDataCognitionMap object (33)',1,'new through import_export',23,1),(306,'2023-04-28 06:34:57.022912','34','Knowledge2bigDataCognitionMap object (34)',1,'new through import_export',23,1),(307,'2023-04-28 06:34:57.029343','35','Knowledge2bigDataCognitionMap object (35)',1,'new through import_export',23,1),(308,'2023-04-28 06:34:57.035728','36','Knowledge2bigDataCognitionMap object (36)',1,'new through import_export',23,1),(309,'2023-04-28 06:34:57.042343','37','Knowledge2bigDataCognitionMap object (37)',1,'new through import_export',23,1),(310,'2023-04-28 06:34:57.049061','38','Knowledge2bigDataCognitionMap object (38)',1,'new through import_export',23,1),(311,'2023-04-28 06:34:57.055993','39','Knowledge2bigDataCognitionMap object (39)',1,'new through import_export',23,1),(312,'2023-04-28 06:34:57.062700','40','Knowledge2bigDataCognitionMap object (40)',1,'new through import_export',23,1),(313,'2023-04-28 06:34:57.069318','41','Knowledge2bigDataCognitionMap object (41)',1,'new through import_export',23,1),(314,'2023-04-28 06:34:57.075981','42','Knowledge2bigDataCognitionMap object (42)',1,'new through import_export',23,1),(315,'2023-04-28 06:34:57.082970','43','Knowledge2bigDataCognitionMap object (43)',1,'new through import_export',23,1),(316,'2023-04-28 06:34:57.089824','44','Knowledge2bigDataCognitionMap object (44)',1,'new through import_export',23,1),(317,'2023-04-28 06:34:57.096905','45','Knowledge2bigDataCognitionMap object (45)',1,'new through import_export',23,1),(318,'2023-04-28 06:34:57.103575','46','Knowledge2bigDataCognitionMap object (46)',1,'new through import_export',23,1),(319,'2023-04-28 06:36:51.256452','m050201','knowledgeCognition object (m050201)',1,'new through import_export',24,1),(320,'2023-04-28 06:36:51.263115','m050202','knowledgeCognition object (m050202)',1,'new through import_export',24,1),(321,'2023-04-28 06:36:51.269448','m050203','knowledgeCognition object (m050203)',1,'new through import_export',24,1),(322,'2023-04-28 06:36:51.275527','m050204','knowledgeCognition object (m050204)',1,'new through import_export',24,1),(323,'2023-04-28 06:36:51.281962','m050205','knowledgeCognition object (m050205)',1,'new through import_export',24,1),(324,'2023-04-28 06:36:51.288342','m050206','knowledgeCognition object (m050206)',1,'new through import_export',24,1),(325,'2023-04-28 06:36:51.294892','m050207','knowledgeCognition object (m050207)',1,'new through import_export',24,1),(326,'2023-04-28 06:36:51.302694','m050208','knowledgeCognition object (m050208)',1,'new through import_export',24,1),(327,'2023-04-28 06:36:51.309423','m050209','knowledgeCognition object (m050209)',1,'new through import_export',24,1),(328,'2023-04-28 06:36:51.316426','m050210','knowledgeCognition object (m050210)',1,'new through import_export',24,1),(329,'2023-04-28 06:36:51.323056','m050211','knowledgeCognition object (m050211)',1,'new through import_export',24,1),(330,'2023-04-28 06:36:51.337621','m050212','knowledgeCognition object (m050212)',1,'new through import_export',24,1),(331,'2023-04-28 06:36:51.344653','m050213','knowledgeCognition object (m050213)',1,'new through import_export',24,1),(332,'2023-04-28 06:36:51.351431','m050214','knowledgeCognition object (m050214)',1,'new through import_export',24,1),(333,'2023-04-28 06:36:51.358109','m050215','knowledgeCognition object (m050215)',1,'new through import_export',24,1),(334,'2023-04-28 06:36:51.364857','m050216','knowledgeCognition object (m050216)',1,'new through import_export',24,1),(335,'2023-04-28 06:36:51.371169','m050217','knowledgeCognition object (m050217)',1,'new through import_export',24,1),(336,'2023-04-28 06:36:51.377397','m050218','knowledgeCognition object (m050218)',1,'new through import_export',24,1),(337,'2023-04-28 06:36:51.383558','m050219','knowledgeCognition object (m050219)',1,'new through import_export',24,1),(338,'2023-04-28 06:36:51.389890','m050220','knowledgeCognition object (m050220)',1,'new through import_export',24,1),(339,'2023-04-28 06:36:51.396339','m050221','knowledgeCognition object (m050221)',1,'new through import_export',24,1),(340,'2023-04-28 06:36:51.402942','m050222','knowledgeCognition object (m050222)',1,'new through import_export',24,1),(341,'2023-04-28 06:36:51.409448','m050223','knowledgeCognition object (m050223)',1,'new through import_export',24,1),(342,'2023-04-28 06:36:51.415959','m050224','knowledgeCognition object (m050224)',1,'new through import_export',24,1),(343,'2023-04-28 06:36:51.422400','m050225','knowledgeCognition object (m050225)',1,'new through import_export',24,1),(344,'2023-04-28 06:36:51.428986','m050226','knowledgeCognition object (m050226)',1,'new through import_export',24,1),(345,'2023-04-28 06:36:51.435955','m050227','knowledgeCognition object (m050227)',1,'new through import_export',24,1),(346,'2023-04-28 06:36:51.443202','m050228','knowledgeCognition object (m050228)',1,'new through import_export',24,1),(347,'2023-04-28 06:36:51.450092','m050229','knowledgeCognition object (m050229)',1,'new through import_export',24,1),(348,'2023-04-28 06:36:51.456966','m050230','knowledgeCognition object (m050230)',1,'new through import_export',24,1),(349,'2023-04-28 06:36:51.463974','m050231','knowledgeCognition object (m050231)',1,'new through import_export',24,1),(350,'2023-04-28 07:00:52.871096','278','IntellectualKnowledge object (278)',1,'new through import_export',22,1),(351,'2023-04-28 07:00:52.878395','279','IntellectualKnowledge object (279)',1,'new through import_export',22,1),(352,'2023-04-28 07:00:52.885064','280','IntellectualKnowledge object (280)',1,'new through import_export',22,1),(353,'2023-04-28 07:00:52.891971','281','IntellectualKnowledge object (281)',1,'new through import_export',22,1),(354,'2023-04-28 07:00:52.898776','282','IntellectualKnowledge object (282)',1,'new through import_export',22,1),(355,'2023-04-28 07:00:52.905516','283','IntellectualKnowledge object (283)',1,'new through import_export',22,1),(356,'2023-04-28 07:00:52.912216','284','IntellectualKnowledge object (284)',1,'new through import_export',22,1),(357,'2023-04-28 07:00:52.919111','285','IntellectualKnowledge object (285)',1,'new through import_export',22,1),(358,'2023-04-28 07:00:52.926261','286','IntellectualKnowledge object (286)',1,'new through import_export',22,1),(359,'2023-04-28 07:00:52.933350','287','IntellectualKnowledge object (287)',1,'new through import_export',22,1),(360,'2023-04-28 07:00:52.940331','288','IntellectualKnowledge object (288)',1,'new through import_export',22,1),(361,'2023-04-28 07:00:52.947531','289','IntellectualKnowledge object (289)',1,'new through import_export',22,1),(362,'2023-04-28 07:00:52.954468','290','IntellectualKnowledge object (290)',1,'new through import_export',22,1),(363,'2023-04-28 07:00:52.961386','291','IntellectualKnowledge object (291)',1,'new through import_export',22,1),(364,'2023-04-28 07:00:52.968380','292','IntellectualKnowledge object (292)',1,'new through import_export',22,1),(365,'2023-04-28 07:00:52.975438','293','IntellectualKnowledge object (293)',1,'new through import_export',22,1),(366,'2023-04-28 07:00:52.982454','294','IntellectualKnowledge object (294)',1,'new through import_export',22,1),(367,'2023-04-28 07:00:52.989433','295','IntellectualKnowledge object (295)',1,'new through import_export',22,1),(368,'2023-04-28 07:00:52.996344','296','IntellectualKnowledge object (296)',1,'new through import_export',22,1),(369,'2023-04-28 07:00:53.003287','297','IntellectualKnowledge object (297)',1,'new through import_export',22,1),(370,'2023-04-28 07:00:53.010066','298','IntellectualKnowledge object (298)',1,'new through import_export',22,1),(371,'2023-04-28 07:00:53.016532','299','IntellectualKnowledge object (299)',1,'new through import_export',22,1),(372,'2023-04-28 07:00:53.022920','300','IntellectualKnowledge object (300)',1,'new through import_export',22,1),(373,'2023-04-28 07:00:53.029527','301','IntellectualKnowledge object (301)',1,'new through import_export',22,1),(374,'2023-04-28 07:00:53.035964','302','IntellectualKnowledge object (302)',1,'new through import_export',22,1),(375,'2023-04-28 07:00:53.042771','303','IntellectualKnowledge object (303)',1,'new through import_export',22,1),(376,'2023-04-28 07:00:53.049328','304','IntellectualKnowledge object (304)',1,'new through import_export',22,1),(377,'2023-04-28 07:00:53.055623','305','IntellectualKnowledge object (305)',1,'new through import_export',22,1),(378,'2023-04-28 07:00:53.062034','306','IntellectualKnowledge object (306)',1,'new through import_export',22,1),(379,'2023-04-28 07:00:53.068386','307','IntellectualKnowledge object (307)',1,'new through import_export',22,1),(380,'2023-04-28 07:00:53.074934','308','IntellectualKnowledge object (308)',1,'new through import_export',22,1),(381,'2023-04-28 07:00:53.081477','309','IntellectualKnowledge object (309)',1,'new through import_export',22,1),(382,'2023-04-28 07:00:53.088516','310','IntellectualKnowledge object (310)',1,'new through import_export',22,1),(383,'2023-04-28 07:00:53.095238','311','IntellectualKnowledge object (311)',1,'new through import_export',22,1),(384,'2023-04-28 07:00:53.102096','312','IntellectualKnowledge object (312)',1,'new through import_export',22,1),(385,'2023-04-28 07:00:53.108844','313','IntellectualKnowledge object (313)',1,'new through import_export',22,1),(386,'2023-04-28 07:00:53.115584','314','IntellectualKnowledge object (314)',1,'new through import_export',22,1),(387,'2023-04-28 07:00:53.122407','315','IntellectualKnowledge object (315)',1,'new through import_export',22,1),(388,'2023-04-28 07:00:53.130893','316','IntellectualKnowledge object (316)',1,'new through import_export',22,1),(389,'2023-04-28 07:00:53.138807','317','IntellectualKnowledge object (317)',1,'new through import_export',22,1),(390,'2023-04-28 07:00:53.147692','318','IntellectualKnowledge object (318)',1,'new through import_export',22,1),(391,'2023-04-28 07:00:53.155493','319','IntellectualKnowledge object (319)',1,'new through import_export',22,1),(392,'2023-04-28 07:00:53.163051','320','IntellectualKnowledge object (320)',1,'new through import_export',22,1),(393,'2023-04-28 07:00:53.180119','321','IntellectualKnowledge object (321)',1,'new through import_export',22,1),(394,'2023-04-28 07:00:53.188522','322','IntellectualKnowledge object (322)',1,'new through import_export',22,1),(395,'2023-04-28 07:00:53.196584','323','IntellectualKnowledge object (323)',1,'new through import_export',22,1),(396,'2023-04-28 07:00:53.205009','324','IntellectualKnowledge object (324)',1,'new through import_export',22,1),(397,'2023-04-28 07:00:53.213389','325','IntellectualKnowledge object (325)',1,'new through import_export',22,1),(398,'2023-04-28 07:00:53.221130','326','IntellectualKnowledge object (326)',1,'new through import_export',22,1),(399,'2023-04-28 07:00:53.228789','327','IntellectualKnowledge object (327)',1,'new through import_export',22,1),(400,'2023-04-28 07:00:53.236536','328','IntellectualKnowledge object (328)',1,'new through import_export',22,1),(401,'2023-04-28 07:00:53.244052','329','IntellectualKnowledge object (329)',1,'new through import_export',22,1),(402,'2023-04-28 07:00:53.251501','330','IntellectualKnowledge object (330)',1,'new through import_export',22,1),(403,'2023-04-28 07:00:53.258918','331','IntellectualKnowledge object (331)',1,'new through import_export',22,1),(404,'2023-04-28 07:00:53.266520','332','IntellectualKnowledge object (332)',1,'new through import_export',22,1),(405,'2023-04-28 07:00:53.273704','333','IntellectualKnowledge object (333)',1,'new through import_export',22,1),(406,'2023-04-28 07:00:53.281039','334','IntellectualKnowledge object (334)',1,'new through import_export',22,1),(407,'2023-04-28 07:00:53.289953','335','IntellectualKnowledge object (335)',1,'new through import_export',22,1),(408,'2023-04-28 07:00:53.297650','336','IntellectualKnowledge object (336)',1,'new through import_export',22,1),(409,'2023-04-28 07:00:53.305171','337','IntellectualKnowledge object (337)',1,'new through import_export',22,1),(410,'2023-04-28 07:00:53.318031','338','IntellectualKnowledge object (338)',1,'new through import_export',22,1),(411,'2023-04-28 07:00:53.326282','339','IntellectualKnowledge object (339)',1,'new through import_export',22,1),(412,'2023-04-28 07:00:53.334162','340','IntellectualKnowledge object (340)',1,'new through import_export',22,1),(413,'2023-04-28 07:00:53.342107','341','IntellectualKnowledge object (341)',1,'new through import_export',22,1),(414,'2023-04-28 07:00:53.349632','342','IntellectualKnowledge object (342)',1,'new through import_export',22,1),(415,'2023-04-28 07:00:53.357982','343','IntellectualKnowledge object (343)',1,'new through import_export',22,1),(416,'2023-04-28 07:00:53.365936','344','IntellectualKnowledge object (344)',1,'new through import_export',22,1),(417,'2023-04-28 07:00:53.374124','345','IntellectualKnowledge object (345)',1,'new through import_export',22,1),(418,'2023-04-28 07:00:53.381708','346','IntellectualKnowledge object (346)',1,'new through import_export',22,1),(419,'2023-04-28 07:00:53.389176','347','IntellectualKnowledge object (347)',1,'new through import_export',22,1),(420,'2023-04-28 07:00:53.396392','348','IntellectualKnowledge object (348)',1,'new through import_export',22,1),(421,'2023-04-28 07:00:53.403568','349','IntellectualKnowledge object (349)',1,'new through import_export',22,1),(422,'2023-04-28 07:00:53.410580','350','IntellectualKnowledge object (350)',1,'new through import_export',22,1),(423,'2023-04-28 07:00:53.418161','351','IntellectualKnowledge object (351)',1,'new through import_export',22,1),(424,'2023-04-28 07:00:53.425767','352','IntellectualKnowledge object (352)',1,'new through import_export',22,1),(425,'2023-04-28 07:00:53.433591','353','IntellectualKnowledge object (353)',1,'new through import_export',22,1),(426,'2023-04-28 07:00:53.441446','354','IntellectualKnowledge object (354)',1,'new through import_export',22,1),(427,'2023-04-28 07:00:53.449214','355','IntellectualKnowledge object (355)',1,'new through import_export',22,1),(428,'2023-04-28 07:00:53.456381','356','IntellectualKnowledge object (356)',1,'new through import_export',22,1),(429,'2023-04-28 07:00:53.464391','357','IntellectualKnowledge object (357)',1,'new through import_export',22,1),(430,'2023-04-28 07:00:53.472114','358','IntellectualKnowledge object (358)',1,'new through import_export',22,1),(431,'2023-04-28 07:00:53.479924','359','IntellectualKnowledge object (359)',1,'new through import_export',22,1),(432,'2023-04-28 07:00:53.487904','360','IntellectualKnowledge object (360)',1,'new through import_export',22,1),(433,'2023-04-28 07:00:53.496667','361','IntellectualKnowledge object (361)',1,'new through import_export',22,1),(434,'2023-04-28 07:00:53.504492','362','IntellectualKnowledge object (362)',1,'new through import_export',22,1),(435,'2023-04-28 07:00:53.519718','363','IntellectualKnowledge object (363)',1,'new through import_export',22,1),(436,'2023-04-28 07:00:53.527644','364','IntellectualKnowledge object (364)',1,'new through import_export',22,1),(437,'2023-04-28 07:00:53.535182','365','IntellectualKnowledge object (365)',1,'new through import_export',22,1),(438,'2023-04-28 07:00:53.542944','366','IntellectualKnowledge object (366)',1,'new through import_export',22,1),(439,'2023-04-28 07:00:53.552187','367','IntellectualKnowledge object (367)',1,'new through import_export',22,1),(440,'2023-04-28 07:00:53.560038','368','IntellectualKnowledge object (368)',1,'new through import_export',22,1),(441,'2023-04-28 07:00:53.567841','369','IntellectualKnowledge object (369)',1,'new through import_export',22,1),(442,'2023-04-28 07:00:53.575779','370','IntellectualKnowledge object (370)',1,'new through import_export',22,1),(443,'2023-04-28 07:00:53.584256','371','IntellectualKnowledge object (371)',1,'new through import_export',22,1),(444,'2023-04-28 07:00:53.591964','372','IntellectualKnowledge object (372)',1,'new through import_export',22,1),(445,'2023-04-28 07:00:53.599826','373','IntellectualKnowledge object (373)',1,'new through import_export',22,1),(446,'2023-04-28 07:00:53.607431','374','IntellectualKnowledge object (374)',1,'new through import_export',22,1),(447,'2023-04-28 07:00:53.615004','375','IntellectualKnowledge object (375)',1,'new through import_export',22,1),(448,'2023-04-28 07:00:53.622609','376','IntellectualKnowledge object (376)',1,'new through import_export',22,1),(449,'2023-04-28 07:00:53.631986','377','IntellectualKnowledge object (377)',1,'new through import_export',22,1),(450,'2023-04-28 07:00:53.639408','378','IntellectualKnowledge object (378)',1,'new through import_export',22,1),(451,'2023-04-28 07:00:53.646677','379','IntellectualKnowledge object (379)',1,'new through import_export',22,1),(452,'2023-04-28 07:00:53.654236','380','IntellectualKnowledge object (380)',1,'new through import_export',22,1),(453,'2023-04-28 07:00:53.661453','381','IntellectualKnowledge object (381)',1,'new through import_export',22,1),(454,'2023-04-28 07:00:53.668514','382','IntellectualKnowledge object (382)',1,'new through import_export',22,1),(455,'2023-04-28 07:00:53.676470','383','IntellectualKnowledge object (383)',1,'new through import_export',22,1),(456,'2023-04-28 07:00:53.683994','384','IntellectualKnowledge object (384)',1,'new through import_export',22,1),(457,'2023-04-28 07:00:53.691289','385','IntellectualKnowledge object (385)',1,'new through import_export',22,1),(458,'2023-04-28 07:00:53.698559','386','IntellectualKnowledge object (386)',1,'new through import_export',22,1),(459,'2023-04-28 07:00:53.705919','387','IntellectualKnowledge object (387)',1,'new through import_export',22,1),(460,'2023-04-28 07:00:53.713212','388','IntellectualKnowledge object (388)',1,'new through import_export',22,1),(461,'2023-04-28 07:00:53.719946','389','IntellectualKnowledge object (389)',1,'new through import_export',22,1),(462,'2023-04-28 07:00:53.726344','390','IntellectualKnowledge object (390)',1,'new through import_export',22,1),(463,'2023-04-28 07:00:53.733029','391','IntellectualKnowledge object (391)',1,'new through import_export',22,1),(464,'2023-04-28 07:00:53.739708','392','IntellectualKnowledge object (392)',1,'new through import_export',22,1),(465,'2023-04-28 07:00:53.746535','393','IntellectualKnowledge object (393)',1,'new through import_export',22,1),(466,'2023-04-28 07:00:53.753710','394','IntellectualKnowledge object (394)',1,'new through import_export',22,1),(467,'2023-04-28 07:00:53.760295','395','IntellectualKnowledge object (395)',1,'new through import_export',22,1),(468,'2023-04-28 07:00:53.767186','396','IntellectualKnowledge object (396)',1,'new through import_export',22,1),(469,'2023-04-28 07:00:53.773700','397','IntellectualKnowledge object (397)',1,'new through import_export',22,1),(470,'2023-04-28 07:00:53.780666','398','IntellectualKnowledge object (398)',1,'new through import_export',22,1),(471,'2023-04-28 07:00:53.787563','399','IntellectualKnowledge object (399)',1,'new through import_export',22,1),(472,'2023-04-28 07:00:53.794313','400','IntellectualKnowledge object (400)',1,'new through import_export',22,1),(473,'2023-04-28 07:00:53.800878','401','IntellectualKnowledge object (401)',1,'new through import_export',22,1),(474,'2023-04-28 07:00:53.807611','402','IntellectualKnowledge object (402)',1,'new through import_export',22,1),(475,'2023-04-28 07:00:53.814724','403','IntellectualKnowledge object (403)',1,'new through import_export',22,1),(476,'2023-04-28 07:00:53.821489','404','IntellectualKnowledge object (404)',1,'new through import_export',22,1),(477,'2023-04-28 07:00:53.828254','405','IntellectualKnowledge object (405)',1,'new through import_export',22,1),(478,'2023-04-28 07:00:53.835181','406','IntellectualKnowledge object (406)',1,'new through import_export',22,1),(479,'2023-04-28 07:00:53.841712','407','IntellectualKnowledge object (407)',1,'new through import_export',22,1),(480,'2023-04-28 07:00:53.848877','408','IntellectualKnowledge object (408)',1,'new through import_export',22,1),(481,'2023-04-28 07:00:53.856056','409','IntellectualKnowledge object (409)',1,'new through import_export',22,1),(482,'2023-04-28 07:00:53.863022','410','IntellectualKnowledge object (410)',1,'new through import_export',22,1),(483,'2023-04-28 07:00:53.871081','411','IntellectualKnowledge object (411)',1,'new through import_export',22,1),(484,'2023-04-28 07:00:53.878156','412','IntellectualKnowledge object (412)',1,'new through import_export',22,1),(485,'2023-04-28 07:00:53.885457','413','IntellectualKnowledge object (413)',1,'new through import_export',22,1),(486,'2023-04-28 07:00:53.892959','414','IntellectualKnowledge object (414)',1,'new through import_export',22,1),(487,'2023-04-28 07:00:53.899562','415','IntellectualKnowledge object (415)',1,'new through import_export',22,1),(488,'2023-04-28 07:00:53.906727','416','IntellectualKnowledge object (416)',1,'new through import_export',22,1),(489,'2023-04-28 07:00:53.914957','417','IntellectualKnowledge object (417)',1,'new through import_export',22,1),(490,'2023-04-28 07:00:53.921755','418','IntellectualKnowledge object (418)',1,'new through import_export',22,1),(491,'2023-04-28 07:00:53.928881','419','IntellectualKnowledge object (419)',1,'new through import_export',22,1),(492,'2023-04-28 07:00:53.935911','420','IntellectualKnowledge object (420)',1,'new through import_export',22,1),(493,'2023-04-28 07:00:53.943170','421','IntellectualKnowledge object (421)',1,'new through import_export',22,1),(494,'2023-04-28 07:00:53.950280','422','IntellectualKnowledge object (422)',1,'new through import_export',22,1),(495,'2023-04-28 07:00:53.957653','423','IntellectualKnowledge object (423)',1,'new through import_export',22,1),(496,'2023-04-28 07:00:53.964596','424','IntellectualKnowledge object (424)',1,'new through import_export',22,1),(497,'2023-04-28 07:00:53.971467','425','IntellectualKnowledge object (425)',1,'new through import_export',22,1),(498,'2023-04-28 07:00:53.978457','426','IntellectualKnowledge object (426)',1,'new through import_export',22,1),(499,'2023-04-28 07:00:53.985474','427','IntellectualKnowledge object (427)',1,'new through import_export',22,1),(500,'2023-04-28 07:00:53.993427','428','IntellectualKnowledge object (428)',1,'new through import_export',22,1),(501,'2023-04-28 07:00:54.000820','429','IntellectualKnowledge object (429)',1,'new through import_export',22,1),(502,'2023-04-28 07:00:54.009184','430','IntellectualKnowledge object (430)',1,'new through import_export',22,1),(503,'2023-04-28 07:00:54.016988','431','IntellectualKnowledge object (431)',1,'new through import_export',22,1),(504,'2023-04-28 07:00:54.024422','432','IntellectualKnowledge object (432)',1,'new through import_export',22,1),(505,'2023-04-28 07:00:54.031884','433','IntellectualKnowledge object (433)',1,'new through import_export',22,1),(506,'2023-04-28 07:00:54.039005','434','IntellectualKnowledge object (434)',1,'new through import_export',22,1),(507,'2023-04-28 07:00:54.047244','435','IntellectualKnowledge object (435)',1,'new through import_export',22,1),(508,'2023-04-28 07:00:54.054166','436','IntellectualKnowledge object (436)',1,'new through import_export',22,1),(509,'2023-04-28 07:00:54.061520','437','IntellectualKnowledge object (437)',1,'new through import_export',22,1),(510,'2023-04-28 07:00:54.068734','438','IntellectualKnowledge object (438)',1,'new through import_export',22,1),(511,'2023-04-28 07:00:54.075716','439','IntellectualKnowledge object (439)',1,'new through import_export',22,1),(512,'2023-04-28 07:00:54.082967','440','IntellectualKnowledge object (440)',1,'new through import_export',22,1),(513,'2023-04-28 07:00:54.090160','441','IntellectualKnowledge object (441)',1,'new through import_export',22,1),(514,'2023-04-28 07:00:54.097505','442','IntellectualKnowledge object (442)',1,'new through import_export',22,1),(515,'2023-04-28 07:00:54.104814','443','IntellectualKnowledge object (443)',1,'new through import_export',22,1),(516,'2023-04-28 07:00:54.112262','444','IntellectualKnowledge object (444)',1,'new through import_export',22,1),(517,'2023-04-28 07:00:54.119714','445','IntellectualKnowledge object (445)',1,'new through import_export',22,1),(518,'2023-04-28 07:00:54.127298','446','IntellectualKnowledge object (446)',1,'new through import_export',22,1),(519,'2023-04-28 07:00:54.135771','447','IntellectualKnowledge object (447)',1,'new through import_export',22,1),(520,'2023-04-28 07:00:54.143381','448','IntellectualKnowledge object (448)',1,'new through import_export',22,1),(521,'2023-04-28 07:00:54.150993','449','IntellectualKnowledge object (449)',1,'new through import_export',22,1),(522,'2023-04-28 07:00:54.158068','450','IntellectualKnowledge object (450)',1,'new through import_export',22,1),(523,'2023-04-28 07:00:54.165056','451','IntellectualKnowledge object (451)',1,'new through import_export',22,1),(524,'2023-04-28 07:00:54.172044','452','IntellectualKnowledge object (452)',1,'new through import_export',22,1),(525,'2023-04-28 07:00:54.179027','453','IntellectualKnowledge object (453)',1,'new through import_export',22,1),(526,'2023-04-28 07:00:54.186137','454','IntellectualKnowledge object (454)',1,'new through import_export',22,1),(527,'2023-04-28 07:00:54.193236','455','IntellectualKnowledge object (455)',1,'new through import_export',22,1),(528,'2023-04-28 07:00:54.200218','456','IntellectualKnowledge object (456)',1,'new through import_export',22,1),(529,'2023-04-28 07:00:54.208005','457','IntellectualKnowledge object (457)',1,'new through import_export',22,1),(530,'2023-04-28 07:00:54.215186','458','IntellectualKnowledge object (458)',1,'new through import_export',22,1),(531,'2023-04-28 07:00:54.222178','459','IntellectualKnowledge object (459)',1,'new through import_export',22,1),(532,'2023-04-28 07:00:54.237083','460','IntellectualKnowledge object (460)',1,'new through import_export',22,1),(533,'2023-04-28 07:00:54.244337','461','IntellectualKnowledge object (461)',1,'new through import_export',22,1),(534,'2023-04-28 07:00:54.251423','462','IntellectualKnowledge object (462)',1,'new through import_export',22,1),(535,'2023-04-28 07:00:54.266952','463','IntellectualKnowledge object (463)',1,'new through import_export',22,1),(536,'2023-04-28 07:00:54.274106','464','IntellectualKnowledge object (464)',1,'new through import_export',22,1),(537,'2023-04-28 07:00:54.281300','465','IntellectualKnowledge object (465)',1,'new through import_export',22,1),(538,'2023-04-28 07:00:54.289430','466','IntellectualKnowledge object (466)',1,'new through import_export',22,1),(539,'2023-04-28 07:00:54.296753','467','IntellectualKnowledge object (467)',1,'new through import_export',22,1),(540,'2023-04-28 07:00:54.303690','468','IntellectualKnowledge object (468)',1,'new through import_export',22,1),(541,'2023-04-28 07:00:54.310812','469','IntellectualKnowledge object (469)',1,'new through import_export',22,1),(542,'2023-04-28 07:00:54.317613','470','IntellectualKnowledge object (470)',1,'new through import_export',22,1),(543,'2023-04-28 07:00:54.324493','471','IntellectualKnowledge object (471)',1,'new through import_export',22,1),(544,'2023-04-28 07:00:54.331682','472','IntellectualKnowledge object (472)',1,'new through import_export',22,1),(545,'2023-04-28 07:00:54.338698','473','IntellectualKnowledge object (473)',1,'new through import_export',22,1),(546,'2023-04-28 07:00:54.345588','474','IntellectualKnowledge object (474)',1,'new through import_export',22,1),(547,'2023-04-28 07:00:54.352527','475','IntellectualKnowledge object (475)',1,'new through import_export',22,1),(548,'2023-04-28 07:00:54.359375','476','IntellectualKnowledge object (476)',1,'new through import_export',22,1),(549,'2023-04-28 07:00:54.366391','477','IntellectualKnowledge object (477)',1,'new through import_export',22,1),(550,'2023-04-28 07:00:54.373878','478','IntellectualKnowledge object (478)',1,'new through import_export',22,1),(551,'2023-04-28 07:00:54.380955','479','IntellectualKnowledge object (479)',1,'new through import_export',22,1),(552,'2023-04-28 07:00:54.387250','480','IntellectualKnowledge object (480)',1,'new through import_export',22,1),(553,'2023-04-28 07:00:54.393898','481','IntellectualKnowledge object (481)',1,'new through import_export',22,1),(554,'2023-04-28 07:00:54.400457','482','IntellectualKnowledge object (482)',1,'new through import_export',22,1),(555,'2023-04-28 07:00:54.407303','483','IntellectualKnowledge object (483)',1,'new through import_export',22,1),(556,'2023-04-28 07:00:54.414212','484','IntellectualKnowledge object (484)',1,'new through import_export',22,1),(557,'2023-04-28 07:00:54.421844','485','IntellectualKnowledge object (485)',1,'new through import_export',22,1),(558,'2023-04-28 07:00:54.429312','486','IntellectualKnowledge object (486)',1,'new through import_export',22,1),(559,'2023-04-28 07:00:54.436179','487','IntellectualKnowledge object (487)',1,'new through import_export',22,1),(560,'2023-04-28 07:00:54.448284','488','IntellectualKnowledge object (488)',1,'new through import_export',22,1),(561,'2023-04-28 07:00:54.455747','489','IntellectualKnowledge object (489)',1,'new through import_export',22,1),(562,'2023-04-28 07:00:54.462667','490','IntellectualKnowledge object (490)',1,'new through import_export',22,1),(563,'2023-04-28 07:00:54.469501','491','IntellectualKnowledge object (491)',1,'new through import_export',22,1),(564,'2023-04-28 07:00:54.476402','492','IntellectualKnowledge object (492)',1,'new through import_export',22,1),(565,'2023-04-28 07:00:54.483149','493','IntellectualKnowledge object (493)',1,'new through import_export',22,1),(566,'2023-04-28 07:00:54.490228','494','IntellectualKnowledge object (494)',1,'new through import_export',22,1),(567,'2023-04-28 07:00:54.497055','495','IntellectualKnowledge object (495)',1,'new through import_export',22,1),(568,'2023-04-28 07:00:54.503905','496','IntellectualKnowledge object (496)',1,'new through import_export',22,1),(569,'2023-04-28 07:00:54.510788','497','IntellectualKnowledge object (497)',1,'new through import_export',22,1),(570,'2023-04-28 07:00:54.517466','498','IntellectualKnowledge object (498)',1,'new through import_export',22,1),(571,'2023-04-28 07:00:54.524407','499','IntellectualKnowledge object (499)',1,'new through import_export',22,1),(572,'2023-04-28 07:00:54.531100','500','IntellectualKnowledge object (500)',1,'new through import_export',22,1),(573,'2023-04-28 07:00:54.537811','501','IntellectualKnowledge object (501)',1,'new through import_export',22,1),(574,'2023-04-28 07:00:54.544658','502','IntellectualKnowledge object (502)',1,'new through import_export',22,1),(575,'2023-04-28 07:00:54.551275','503','IntellectualKnowledge object (503)',1,'new through import_export',22,1),(576,'2023-04-28 07:00:54.557792','504','IntellectualKnowledge object (504)',1,'new through import_export',22,1),(577,'2023-04-28 07:00:54.564500','505','IntellectualKnowledge object (505)',1,'new through import_export',22,1),(578,'2023-04-28 07:00:54.570578','506','IntellectualKnowledge object (506)',1,'new through import_export',22,1),(579,'2023-04-28 07:00:54.576777','507','IntellectualKnowledge object (507)',1,'new through import_export',22,1),(580,'2023-04-28 07:00:54.583156','508','IntellectualKnowledge object (508)',1,'new through import_export',22,1),(581,'2023-04-28 07:00:54.589597','509','IntellectualKnowledge object (509)',1,'new through import_export',22,1),(582,'2023-04-28 07:00:54.596140','510','IntellectualKnowledge object (510)',1,'new through import_export',22,1),(583,'2023-04-28 07:00:54.602968','511','IntellectualKnowledge object (511)',1,'new through import_export',22,1),(584,'2023-04-28 07:00:54.609896','512','IntellectualKnowledge object (512)',1,'new through import_export',22,1),(585,'2023-04-28 07:00:54.616633','513','IntellectualKnowledge object (513)',1,'new through import_export',22,1),(586,'2023-04-28 07:00:54.624786','514','IntellectualKnowledge object (514)',1,'new through import_export',22,1),(587,'2023-04-28 07:00:54.635149','515','IntellectualKnowledge object (515)',1,'new through import_export',22,1),(588,'2023-04-28 07:00:54.643169','516','IntellectualKnowledge object (516)',1,'new through import_export',22,1),(589,'2023-04-28 07:00:54.649972','517','IntellectualKnowledge object (517)',1,'new through import_export',22,1),(590,'2023-04-28 07:00:54.656754','518','IntellectualKnowledge object (518)',1,'new through import_export',22,1),(591,'2023-04-28 07:00:54.663377','519','IntellectualKnowledge object (519)',1,'new through import_export',22,1),(592,'2023-04-28 07:00:54.669772','520','IntellectualKnowledge object (520)',1,'new through import_export',22,1),(593,'2023-04-28 07:00:54.676015','521','IntellectualKnowledge object (521)',1,'new through import_export',22,1),(594,'2023-04-28 07:00:54.682482','522','IntellectualKnowledge object (522)',1,'new through import_export',22,1),(595,'2023-04-28 07:00:54.691424','523','IntellectualKnowledge object (523)',1,'new through import_export',22,1),(596,'2023-04-28 07:00:54.698672','524','IntellectualKnowledge object (524)',1,'new through import_export',22,1),(597,'2023-04-28 07:00:54.709104','525','IntellectualKnowledge object (525)',1,'new through import_export',22,1),(598,'2023-04-28 07:00:54.717752','526','IntellectualKnowledge object (526)',1,'new through import_export',22,1),(599,'2023-04-28 07:00:54.724462','527','IntellectualKnowledge object (527)',1,'new through import_export',22,1),(600,'2023-04-28 07:00:54.731196','528','IntellectualKnowledge object (528)',1,'new through import_export',22,1),(601,'2023-04-28 07:00:54.737692','529','IntellectualKnowledge object (529)',1,'new through import_export',22,1),(602,'2023-04-28 07:00:54.744033','530','IntellectualKnowledge object (530)',1,'new through import_export',22,1),(603,'2023-04-28 07:00:54.750493','531','IntellectualKnowledge object (531)',1,'new through import_export',22,1),(604,'2023-04-28 07:00:54.756830','532','IntellectualKnowledge object (532)',1,'new through import_export',22,1),(605,'2023-04-28 07:00:54.763694','533','IntellectualKnowledge object (533)',1,'new through import_export',22,1),(606,'2023-04-28 07:00:54.770028','534','IntellectualKnowledge object (534)',1,'new through import_export',22,1),(607,'2023-04-28 07:00:54.777209','535','IntellectualKnowledge object (535)',1,'new through import_export',22,1),(608,'2023-04-28 07:00:54.783408','536','IntellectualKnowledge object (536)',1,'new through import_export',22,1),(609,'2023-04-28 07:00:54.789686','537','IntellectualKnowledge object (537)',1,'new through import_export',22,1),(610,'2023-04-28 07:00:54.796063','538','IntellectualKnowledge object (538)',1,'new through import_export',22,1),(611,'2023-04-28 07:00:54.802629','539','IntellectualKnowledge object (539)',1,'new through import_export',22,1),(612,'2023-04-28 07:00:54.809012','540','IntellectualKnowledge object (540)',1,'new through import_export',22,1),(613,'2023-04-28 07:00:54.815244','541','IntellectualKnowledge object (541)',1,'new through import_export',22,1),(614,'2023-04-28 07:00:54.821187','542','IntellectualKnowledge object (542)',1,'new through import_export',22,1),(615,'2023-04-28 07:00:54.827081','543','IntellectualKnowledge object (543)',1,'new through import_export',22,1),(616,'2023-04-28 07:00:54.833249','544','IntellectualKnowledge object (544)',1,'new through import_export',22,1),(617,'2023-04-28 07:00:54.840278','545','IntellectualKnowledge object (545)',1,'new through import_export',22,1),(618,'2023-04-28 07:00:54.847046','546','IntellectualKnowledge object (546)',1,'new through import_export',22,1),(619,'2023-04-28 07:00:54.853204','547','IntellectualKnowledge object (547)',1,'new through import_export',22,1),(620,'2023-04-28 07:00:54.859059','548','IntellectualKnowledge object (548)',1,'new through import_export',22,1),(621,'2023-04-28 07:00:54.865292','549','IntellectualKnowledge object (549)',1,'new through import_export',22,1),(622,'2023-04-28 07:00:54.871483','550','IntellectualKnowledge object (550)',1,'new through import_export',22,1),(623,'2023-04-28 07:00:54.877623','551','IntellectualKnowledge object (551)',1,'new through import_export',22,1),(624,'2023-04-28 07:00:54.883782','552','IntellectualKnowledge object (552)',1,'new through import_export',22,1),(625,'2023-04-28 07:00:54.890470','553','IntellectualKnowledge object (553)',1,'new through import_export',22,1),(626,'2023-04-30 11:41:01.885539','13','Art object (13)',1,'new through import_export',13,1),(627,'2023-04-30 11:41:01.893495','14','Art object (14)',1,'new through import_export',13,1),(628,'2023-04-30 11:41:01.899319','15','Art object (15)',1,'new through import_export',13,1),(629,'2023-04-30 11:41:01.905304','16','Art object (16)',1,'new through import_export',13,1),(630,'2023-04-30 11:41:01.911553','17','Art object (17)',1,'new through import_export',13,1),(631,'2023-04-30 11:41:01.917915','18','Art object (18)',1,'new through import_export',13,1),(632,'2023-04-30 11:41:01.924191','19','Art object (19)',1,'new through import_export',13,1),(633,'2023-04-30 11:41:01.930759','20','Art object (20)',1,'new through import_export',13,1),(634,'2023-04-30 11:41:01.937205','21','Art object (21)',1,'new through import_export',13,1),(635,'2023-04-30 11:41:01.943671','22','Art object (22)',1,'new through import_export',13,1),(636,'2023-04-30 11:41:01.950000','23','Art object (23)',1,'new through import_export',13,1),(637,'2023-04-30 11:41:01.956746','24','Art object (24)',1,'new through import_export',13,1),(638,'2023-04-30 11:47:55.437004','95','ArtMusic object (95)',1,'new through import_export',14,1),(639,'2023-04-30 11:47:55.447796','96','ArtMusic object (96)',1,'new through import_export',14,1),(640,'2023-04-30 11:47:55.454069','97','ArtMusic object (97)',1,'new through import_export',14,1),(641,'2023-04-30 11:47:55.460680','98','ArtMusic object (98)',1,'new through import_export',14,1),(642,'2023-04-30 11:47:55.467178','99','ArtMusic object (99)',1,'new through import_export',14,1),(643,'2023-04-30 11:47:55.474001','100','ArtMusic object (100)',1,'new through import_export',14,1),(644,'2023-04-30 11:47:55.480712','101','ArtMusic object (101)',1,'new through import_export',14,1),(645,'2023-04-30 11:47:55.491675','102','ArtMusic object (102)',1,'new through import_export',14,1),(646,'2023-04-30 11:47:55.498795','103','ArtMusic object (103)',1,'new through import_export',14,1),(647,'2023-04-30 11:47:55.505429','104','ArtMusic object (104)',1,'new through import_export',14,1),(648,'2023-04-30 11:47:55.511819','105','ArtMusic object (105)',1,'new through import_export',14,1),(649,'2023-04-30 11:47:55.518584','106','ArtMusic object (106)',1,'new through import_export',14,1),(650,'2023-04-30 11:47:55.525158','107','ArtMusic object (107)',1,'new through import_export',14,1),(651,'2023-04-30 11:47:55.531694','108','ArtMusic object (108)',1,'new through import_export',14,1),(652,'2023-04-30 11:47:55.538418','109','ArtMusic object (109)',1,'new through import_export',14,1),(653,'2023-04-30 11:47:55.545135','110','ArtMusic object (110)',1,'new through import_export',14,1),(654,'2023-04-30 11:47:55.551609','111','ArtMusic object (111)',1,'new through import_export',14,1),(655,'2023-04-30 11:47:55.558086','112','ArtMusic object (112)',1,'new through import_export',14,1),(656,'2023-04-30 11:47:55.564503','113','ArtMusic object (113)',1,'new through import_export',14,1),(657,'2023-04-30 11:47:55.570796','114','ArtMusic object (114)',1,'new through import_export',14,1),(658,'2023-04-30 11:47:55.577129','115','ArtMusic object (115)',1,'new through import_export',14,1),(659,'2023-04-30 11:47:55.583880','116','ArtMusic object (116)',1,'new through import_export',14,1),(660,'2023-04-30 11:47:55.590362','117','ArtMusic object (117)',1,'new through import_export',14,1),(661,'2023-04-30 11:47:55.596802','118','ArtMusic object (118)',1,'new through import_export',14,1),(662,'2023-04-30 11:47:55.603537','119','ArtMusic object (119)',1,'new through import_export',14,1),(663,'2023-04-30 11:47:55.609898','120','ArtMusic object (120)',1,'new through import_export',14,1),(664,'2023-04-30 11:47:55.616359','121','ArtMusic object (121)',1,'new through import_export',14,1),(665,'2023-04-30 11:47:55.622870','122','ArtMusic object (122)',1,'new through import_export',14,1),(666,'2023-04-30 11:47:55.629706','123','ArtMusic object (123)',1,'new through import_export',14,1),(667,'2023-04-30 11:47:55.636170','124','ArtMusic object (124)',1,'new through import_export',14,1),(668,'2023-04-30 11:47:55.643103','125','ArtMusic object (125)',1,'new through import_export',14,1),(669,'2023-04-30 11:47:55.650061','126','ArtMusic object (126)',1,'new through import_export',14,1),(670,'2023-04-30 11:47:55.656868','127','ArtMusic object (127)',1,'new through import_export',14,1),(671,'2023-04-30 11:47:55.663737','128','ArtMusic object (128)',1,'new through import_export',14,1),(672,'2023-04-30 11:47:55.670197','129','ArtMusic object (129)',1,'new through import_export',14,1),(673,'2023-04-30 11:47:55.676670','130','ArtMusic object (130)',1,'new through import_export',14,1),(674,'2023-04-30 11:47:55.682896','131','ArtMusic object (131)',1,'new through import_export',14,1),(675,'2023-04-30 11:47:55.690144','132','ArtMusic object (132)',1,'new through import_export',14,1),(676,'2023-04-30 11:47:55.697040','133','ArtMusic object (133)',1,'new through import_export',14,1),(677,'2023-04-30 11:47:55.709945','134','ArtMusic object (134)',1,'new through import_export',14,1),(678,'2023-04-30 11:47:55.717067','135','ArtMusic object (135)',1,'new through import_export',14,1),(679,'2023-04-30 11:47:55.723789','136','ArtMusic object (136)',1,'new through import_export',14,1),(680,'2023-04-30 11:47:55.730428','137','ArtMusic object (137)',1,'new through import_export',14,1),(681,'2023-04-30 11:47:55.737320','138','ArtMusic object (138)',1,'new through import_export',14,1),(682,'2023-04-30 11:47:55.744302','139','ArtMusic object (139)',1,'new through import_export',14,1),(683,'2023-04-30 11:47:55.751356','140','ArtMusic object (140)',1,'new through import_export',14,1),(684,'2023-04-30 11:47:55.759770','141','ArtMusic object (141)',1,'new through import_export',14,1),(685,'2023-04-30 11:47:55.768962','142','ArtMusic object (142)',1,'new through import_export',14,1),(686,'2023-04-30 11:47:55.785945','143','ArtMusic object (143)',1,'new through import_export',14,1),(687,'2023-04-30 11:47:55.792979','144','ArtMusic object (144)',1,'new through import_export',14,1),(688,'2023-04-30 11:47:55.799166','145','ArtMusic object (145)',1,'new through import_export',14,1),(689,'2023-04-30 11:47:55.805481','146','ArtMusic object (146)',1,'new through import_export',14,1),(690,'2023-04-30 11:47:55.812113','147','ArtMusic object (147)',1,'new through import_export',14,1),(691,'2023-04-30 11:47:55.818666','148','ArtMusic object (148)',1,'new through import_export',14,1),(692,'2023-04-30 11:47:55.825552','149','ArtMusic object (149)',1,'new through import_export',14,1),(693,'2023-04-30 11:47:55.832345','150','ArtMusic object (150)',1,'new through import_export',14,1),(694,'2023-04-30 11:47:55.839109','151','ArtMusic object (151)',1,'new through import_export',14,1),(695,'2023-04-30 11:47:55.845320','152','ArtMusic object (152)',1,'new through import_export',14,1),(696,'2023-04-30 11:47:55.852934','153','ArtMusic object (153)',1,'new through import_export',14,1),(697,'2023-04-30 11:47:55.859686','154','ArtMusic object (154)',1,'new through import_export',14,1),(698,'2023-04-30 11:47:55.867095','155','ArtMusic object (155)',1,'new through import_export',14,1),(699,'2023-04-30 11:47:55.873838','156','ArtMusic object (156)',1,'new through import_export',14,1),(700,'2023-04-30 11:47:55.880530','157','ArtMusic object (157)',1,'new through import_export',14,1),(701,'2023-04-30 11:47:55.887345','158','ArtMusic object (158)',1,'new through import_export',14,1),(702,'2023-04-30 11:47:55.893728','159','ArtMusic object (159)',1,'new through import_export',14,1),(703,'2023-04-30 11:47:55.900752','160','ArtMusic object (160)',1,'new through import_export',14,1),(704,'2023-04-30 11:47:55.907710','161','ArtMusic object (161)',1,'new through import_export',14,1),(705,'2023-04-30 11:47:55.914462','162','ArtMusic object (162)',1,'new through import_export',14,1),(706,'2023-04-30 11:47:55.921107','163','ArtMusic object (163)',1,'new through import_export',14,1),(707,'2023-04-30 11:47:55.927786','164','ArtMusic object (164)',1,'new through import_export',14,1),(708,'2023-04-30 11:47:55.934333','165','ArtMusic object (165)',1,'new through import_export',14,1),(709,'2023-04-30 11:47:55.940826','166','ArtMusic object (166)',1,'new through import_export',14,1),(710,'2023-04-30 11:47:55.947775','167','ArtMusic object (167)',1,'new through import_export',14,1),(711,'2023-04-30 11:47:55.954335','168','ArtMusic object (168)',1,'new through import_export',14,1),(712,'2023-04-30 11:47:55.963198','169','ArtMusic object (169)',1,'new through import_export',14,1),(713,'2023-04-30 11:47:55.969913','170','ArtMusic object (170)',1,'new through import_export',14,1),(714,'2023-04-30 11:47:55.978906','171','ArtMusic object (171)',1,'new through import_export',14,1),(715,'2023-04-30 11:47:55.985961','172','ArtMusic object (172)',1,'new through import_export',14,1),(716,'2023-04-30 11:47:55.992802','173','ArtMusic object (173)',1,'new through import_export',14,1),(717,'2023-04-30 11:47:55.999361','174','ArtMusic object (174)',1,'new through import_export',14,1),(718,'2023-04-30 11:47:56.006108','175','ArtMusic object (175)',1,'new through import_export',14,1),(719,'2023-04-30 11:47:56.013160','176','ArtMusic object (176)',1,'new through import_export',14,1),(720,'2023-04-30 11:47:56.019740','177','ArtMusic object (177)',1,'new through import_export',14,1),(721,'2023-04-30 11:47:56.026479','178','ArtMusic object (178)',1,'new through import_export',14,1),(722,'2023-04-30 11:47:56.033320','179','ArtMusic object (179)',1,'new through import_export',14,1),(723,'2023-04-30 11:47:56.039892','180','ArtMusic object (180)',1,'new through import_export',14,1),(724,'2023-04-30 11:47:56.046686','181','ArtMusic object (181)',1,'new through import_export',14,1),(725,'2023-04-30 11:47:56.053542','182','ArtMusic object (182)',1,'new through import_export',14,1),(726,'2023-04-30 11:47:56.060151','183','ArtMusic object (183)',1,'new through import_export',14,1),(727,'2023-04-30 11:47:56.066806','184','ArtMusic object (184)',1,'new through import_export',14,1),(728,'2023-04-30 11:47:56.073391','185','ArtMusic object (185)',1,'new through import_export',14,1),(729,'2023-04-30 11:47:56.080049','186','ArtMusic object (186)',1,'new through import_export',14,1),(730,'2023-04-30 11:47:56.086576','187','ArtMusic object (187)',1,'new through import_export',14,1),(731,'2023-04-30 11:47:56.093158','188','ArtMusic object (188)',1,'new through import_export',14,1),(732,'2023-04-30 11:59:12.397533','8','Morality object (8)',1,'new through import_export',26,1),(733,'2023-04-30 11:59:12.407684','9','Morality object (9)',1,'new through import_export',26,1),(734,'2023-04-30 11:59:12.414299','10','Morality object (10)',1,'new through import_export',26,1),(735,'2023-04-30 11:59:39.829873','24','Art object (24)',3,'',13,1),(736,'2023-04-30 11:59:39.836036','23','Art object (23)',3,'',13,1),(737,'2023-04-30 11:59:39.842652','22','Art object (22)',3,'',13,1),(738,'2023-04-30 11:59:39.849073','21','Art object (21)',3,'',13,1),(739,'2023-04-30 11:59:39.856461','20','Art object (20)',3,'',13,1),(740,'2023-04-30 11:59:39.862883','19','Art object (19)',3,'',13,1),(741,'2023-04-30 11:59:39.869889','18','Art object (18)',3,'',13,1),(742,'2023-04-30 11:59:39.877084','17','Art object (17)',3,'',13,1),(743,'2023-04-30 11:59:39.884322','16','Art object (16)',3,'',13,1),(744,'2023-04-30 11:59:39.891400','15','Art object (15)',3,'',13,1),(745,'2023-04-30 11:59:39.898463','14','Art object (14)',3,'',13,1),(746,'2023-04-30 11:59:39.905340','13','Art object (13)',3,'',13,1),(747,'2023-04-30 11:59:49.969088','188','ArtMusic object (188)',3,'',14,1),(748,'2023-04-30 11:59:49.986449','187','ArtMusic object (187)',3,'',14,1),(749,'2023-04-30 11:59:49.997433','186','ArtMusic object (186)',3,'',14,1),(750,'2023-04-30 11:59:50.004327','185','ArtMusic object (185)',3,'',14,1),(751,'2023-04-30 11:59:50.014955','184','ArtMusic object (184)',3,'',14,1),(752,'2023-04-30 11:59:50.021760','183','ArtMusic object (183)',3,'',14,1),(753,'2023-04-30 11:59:50.028594','182','ArtMusic object (182)',3,'',14,1),(754,'2023-04-30 11:59:50.046922','181','ArtMusic object (181)',3,'',14,1),(755,'2023-04-30 11:59:50.054355','180','ArtMusic object (180)',3,'',14,1),(756,'2023-04-30 11:59:50.063195','179','ArtMusic object (179)',3,'',14,1),(757,'2023-04-30 11:59:50.071652','178','ArtMusic object (178)',3,'',14,1),(758,'2023-04-30 11:59:50.083612','177','ArtMusic object (177)',3,'',14,1),(759,'2023-04-30 11:59:50.095587','176','ArtMusic object (176)',3,'',14,1),(760,'2023-04-30 11:59:50.104714','175','ArtMusic object (175)',3,'',14,1),(761,'2023-04-30 11:59:50.119491','174','ArtMusic object (174)',3,'',14,1),(762,'2023-04-30 11:59:50.126437','173','ArtMusic object (173)',3,'',14,1),(763,'2023-04-30 11:59:50.144788','172','ArtMusic object (172)',3,'',14,1),(764,'2023-04-30 11:59:50.177484','171','ArtMusic object (171)',3,'',14,1),(765,'2023-04-30 11:59:50.186559','170','ArtMusic object (170)',3,'',14,1),(766,'2023-04-30 11:59:50.193881','169','ArtMusic object (169)',3,'',14,1),(767,'2023-04-30 11:59:50.209261','168','ArtMusic object (168)',3,'',14,1),(768,'2023-04-30 11:59:50.216677','167','ArtMusic object (167)',3,'',14,1),(769,'2023-04-30 11:59:50.223868','166','ArtMusic object (166)',3,'',14,1),(770,'2023-04-30 11:59:50.247514','165','ArtMusic object (165)',3,'',14,1),(771,'2023-04-30 11:59:50.254757','164','ArtMusic object (164)',3,'',14,1),(772,'2023-04-30 11:59:50.268288','163','ArtMusic object (163)',3,'',14,1),(773,'2023-04-30 11:59:50.279995','162','ArtMusic object (162)',3,'',14,1),(774,'2023-04-30 11:59:50.293226','161','ArtMusic object (161)',3,'',14,1),(775,'2023-04-30 11:59:50.300120','160','ArtMusic object (160)',3,'',14,1),(776,'2023-04-30 11:59:50.306831','159','ArtMusic object (159)',3,'',14,1),(777,'2023-04-30 11:59:50.316085','158','ArtMusic object (158)',3,'',14,1),(778,'2023-04-30 11:59:50.325679','157','ArtMusic object (157)',3,'',14,1),(779,'2023-04-30 11:59:50.332837','156','ArtMusic object (156)',3,'',14,1),(780,'2023-04-30 11:59:50.339927','155','ArtMusic object (155)',3,'',14,1),(781,'2023-04-30 11:59:50.346673','154','ArtMusic object (154)',3,'',14,1),(782,'2023-04-30 11:59:50.355591','153','ArtMusic object (153)',3,'',14,1),(783,'2023-04-30 11:59:50.362661','152','ArtMusic object (152)',3,'',14,1),(784,'2023-04-30 11:59:50.373807','151','ArtMusic object (151)',3,'',14,1),(785,'2023-04-30 11:59:50.380685','150','ArtMusic object (150)',3,'',14,1),(786,'2023-04-30 11:59:50.390395','149','ArtMusic object (149)',3,'',14,1),(787,'2023-04-30 11:59:50.397599','148','ArtMusic object (148)',3,'',14,1),(788,'2023-04-30 11:59:50.432208','147','ArtMusic object (147)',3,'',14,1),(789,'2023-04-30 11:59:50.440962','146','ArtMusic object (146)',3,'',14,1),(790,'2023-04-30 11:59:50.447777','145','ArtMusic object (145)',3,'',14,1),(791,'2023-04-30 11:59:50.466513','144','ArtMusic object (144)',3,'',14,1),(792,'2023-04-30 11:59:50.476676','143','ArtMusic object (143)',3,'',14,1),(793,'2023-04-30 11:59:50.488250','142','ArtMusic object (142)',3,'',14,1),(794,'2023-04-30 11:59:50.500271','141','ArtMusic object (141)',3,'',14,1),(795,'2023-04-30 11:59:50.512935','140','ArtMusic object (140)',3,'',14,1),(796,'2023-04-30 11:59:50.519501','139','ArtMusic object (139)',3,'',14,1),(797,'2023-04-30 11:59:50.526097','138','ArtMusic object (138)',3,'',14,1),(798,'2023-04-30 11:59:50.532840','137','ArtMusic object (137)',3,'',14,1),(799,'2023-04-30 11:59:50.539727','136','ArtMusic object (136)',3,'',14,1),(800,'2023-04-30 11:59:50.547755','135','ArtMusic object (135)',3,'',14,1),(801,'2023-04-30 11:59:50.554420','134','ArtMusic object (134)',3,'',14,1),(802,'2023-04-30 11:59:50.561469','133','ArtMusic object (133)',3,'',14,1),(803,'2023-04-30 11:59:50.569109','132','ArtMusic object (132)',3,'',14,1),(804,'2023-04-30 11:59:50.585895','131','ArtMusic object (131)',3,'',14,1),(805,'2023-04-30 11:59:50.593921','130','ArtMusic object (130)',3,'',14,1),(806,'2023-04-30 11:59:50.600489','129','ArtMusic object (129)',3,'',14,1),(807,'2023-04-30 11:59:50.616169','128','ArtMusic object (128)',3,'',14,1),(808,'2023-04-30 11:59:50.657614','127','ArtMusic object (127)',3,'',14,1),(809,'2023-04-30 11:59:50.667625','126','ArtMusic object (126)',3,'',14,1),(810,'2023-04-30 11:59:50.674940','125','ArtMusic object (125)',3,'',14,1),(811,'2023-04-30 11:59:50.687765','124','ArtMusic object (124)',3,'',14,1),(812,'2023-04-30 11:59:50.701218','123','ArtMusic object (123)',3,'',14,1),(813,'2023-04-30 11:59:50.710264','122','ArtMusic object (122)',3,'',14,1),(814,'2023-04-30 11:59:50.726358','121','ArtMusic object (121)',3,'',14,1),(815,'2023-04-30 11:59:50.746911','120','ArtMusic object (120)',3,'',14,1),(816,'2023-04-30 11:59:50.776418','119','ArtMusic object (119)',3,'',14,1),(817,'2023-04-30 11:59:50.783181','118','ArtMusic object (118)',3,'',14,1),(818,'2023-04-30 11:59:50.791190','117','ArtMusic object (117)',3,'',14,1),(819,'2023-04-30 11:59:50.798392','116','ArtMusic object (116)',3,'',14,1),(820,'2023-04-30 11:59:50.805326','115','ArtMusic object (115)',3,'',14,1),(821,'2023-04-30 11:59:50.812420','114','ArtMusic object (114)',3,'',14,1),(822,'2023-04-30 11:59:50.819324','113','ArtMusic object (113)',3,'',14,1),(823,'2023-04-30 11:59:50.826171','112','ArtMusic object (112)',3,'',14,1),(824,'2023-04-30 11:59:50.833155','111','ArtMusic object (111)',3,'',14,1),(825,'2023-04-30 11:59:50.841387','110','ArtMusic object (110)',3,'',14,1),(826,'2023-04-30 11:59:50.848517','109','ArtMusic object (109)',3,'',14,1),(827,'2023-04-30 11:59:50.855364','108','ArtMusic object (108)',3,'',14,1),(828,'2023-04-30 11:59:50.862216','107','ArtMusic object (107)',3,'',14,1),(829,'2023-04-30 11:59:50.868895','106','ArtMusic object (106)',3,'',14,1),(830,'2023-04-30 11:59:50.875510','105','ArtMusic object (105)',3,'',14,1),(831,'2023-04-30 11:59:50.882490','104','ArtMusic object (104)',3,'',14,1),(832,'2023-04-30 11:59:50.889046','103','ArtMusic object (103)',3,'',14,1),(833,'2023-04-30 11:59:50.895830','102','ArtMusic object (102)',3,'',14,1),(834,'2023-04-30 11:59:50.902471','101','ArtMusic object (101)',3,'',14,1),(835,'2023-04-30 11:59:50.914567','100','ArtMusic object (100)',3,'',14,1),(836,'2023-04-30 11:59:50.921134','99','ArtMusic object (99)',3,'',14,1),(837,'2023-04-30 11:59:50.927427','98','ArtMusic object (98)',3,'',14,1),(838,'2023-04-30 11:59:50.933914','97','ArtMusic object (97)',3,'',14,1),(839,'2023-04-30 11:59:50.941520','96','ArtMusic object (96)',3,'',14,1),(840,'2023-04-30 11:59:50.948346','95','ArtMusic object (95)',3,'',14,1),(841,'2023-04-30 12:00:32.624678','37','Art object (37)',1,'new through import_export',13,1),(842,'2023-04-30 12:00:32.634177','38','Art object (38)',1,'new through import_export',13,1),(843,'2023-04-30 12:00:32.641169','39','Art object (39)',1,'new through import_export',13,1),(844,'2023-04-30 12:00:32.648087','40','Art object (40)',1,'new through import_export',13,1),(845,'2023-04-30 12:00:32.655215','41','Art object (41)',1,'new through import_export',13,1),(846,'2023-04-30 12:00:32.662387','42','Art object (42)',1,'new through import_export',13,1),(847,'2023-04-30 12:00:32.669696','43','Art object (43)',1,'new through import_export',13,1),(848,'2023-04-30 12:00:32.676784','44','Art object (44)',1,'new through import_export',13,1),(849,'2023-04-30 12:00:32.683747','45','Art object (45)',1,'new through import_export',13,1),(850,'2023-04-30 12:00:32.690798','46','Art object (46)',1,'new through import_export',13,1),(851,'2023-04-30 12:00:32.698157','47','Art object (47)',1,'new through import_export',13,1),(852,'2023-04-30 12:00:32.705528','48','Art object (48)',1,'new through import_export',13,1),(853,'2023-04-30 12:00:48.935383','283','ArtMusic object (283)',1,'new through import_export',14,1),(854,'2023-04-30 12:00:48.942708','284','ArtMusic object (284)',1,'new through import_export',14,1),(855,'2023-04-30 12:00:48.949039','285','ArtMusic object (285)',1,'new through import_export',14,1),(856,'2023-04-30 12:00:48.956608','286','ArtMusic object (286)',1,'new through import_export',14,1),(857,'2023-04-30 12:00:48.963163','287','ArtMusic object (287)',1,'new through import_export',14,1),(858,'2023-04-30 12:00:48.970043','288','ArtMusic object (288)',1,'new through import_export',14,1),(859,'2023-04-30 12:00:48.977028','289','ArtMusic object (289)',1,'new through import_export',14,1),(860,'2023-04-30 12:00:48.983679','290','ArtMusic object (290)',1,'new through import_export',14,1),(861,'2023-04-30 12:00:48.991664','291','ArtMusic object (291)',1,'new through import_export',14,1),(862,'2023-04-30 12:00:48.998361','292','ArtMusic object (292)',1,'new through import_export',14,1),(863,'2023-04-30 12:00:49.004900','293','ArtMusic object (293)',1,'new through import_export',14,1),(864,'2023-04-30 12:00:49.018388','294','ArtMusic object (294)',1,'new through import_export',14,1),(865,'2023-04-30 12:00:49.025110','295','ArtMusic object (295)',1,'new through import_export',14,1),(866,'2023-04-30 12:00:49.031823','296','ArtMusic object (296)',1,'new through import_export',14,1),(867,'2023-04-30 12:00:49.038577','297','ArtMusic object (297)',1,'new through import_export',14,1),(868,'2023-04-30 12:00:49.045485','298','ArtMusic object (298)',1,'new through import_export',14,1),(869,'2023-04-30 12:00:49.052272','299','ArtMusic object (299)',1,'new through import_export',14,1),(870,'2023-04-30 12:00:49.059076','300','ArtMusic object (300)',1,'new through import_export',14,1),(871,'2023-04-30 12:00:49.065749','301','ArtMusic object (301)',1,'new through import_export',14,1),(872,'2023-04-30 12:00:49.072321','302','ArtMusic object (302)',1,'new through import_export',14,1),(873,'2023-04-30 12:00:49.078951','303','ArtMusic object (303)',1,'new through import_export',14,1),(874,'2023-04-30 12:00:49.089492','304','ArtMusic object (304)',1,'new through import_export',14,1),(875,'2023-04-30 12:00:49.097027','305','ArtMusic object (305)',1,'new through import_export',14,1),(876,'2023-04-30 12:00:49.103797','306','ArtMusic object (306)',1,'new through import_export',14,1),(877,'2023-04-30 12:00:49.110380','307','ArtMusic object (307)',1,'new through import_export',14,1),(878,'2023-04-30 12:00:49.116839','308','ArtMusic object (308)',1,'new through import_export',14,1),(879,'2023-04-30 12:00:49.132383','309','ArtMusic object (309)',1,'new through import_export',14,1),(880,'2023-04-30 12:00:49.139143','310','ArtMusic object (310)',1,'new through import_export',14,1),(881,'2023-04-30 12:00:49.146330','311','ArtMusic object (311)',1,'new through import_export',14,1),(882,'2023-04-30 12:00:49.153984','312','ArtMusic object (312)',1,'new through import_export',14,1),(883,'2023-04-30 12:00:49.161747','313','ArtMusic object (313)',1,'new through import_export',14,1),(884,'2023-04-30 12:00:49.169185','314','ArtMusic object (314)',1,'new through import_export',14,1),(885,'2023-04-30 12:00:49.176196','315','ArtMusic object (315)',1,'new through import_export',14,1),(886,'2023-04-30 12:00:49.183430','316','ArtMusic object (316)',1,'new through import_export',14,1),(887,'2023-04-30 12:00:49.190480','317','ArtMusic object (317)',1,'new through import_export',14,1),(888,'2023-04-30 12:00:49.197874','318','ArtMusic object (318)',1,'new through import_export',14,1),(889,'2023-04-30 12:00:49.204847','319','ArtMusic object (319)',1,'new through import_export',14,1),(890,'2023-04-30 12:00:49.212116','320','ArtMusic object (320)',1,'new through import_export',14,1),(891,'2023-04-30 12:00:49.219347','321','ArtMusic object (321)',1,'new through import_export',14,1),(892,'2023-04-30 12:00:49.226690','322','ArtMusic object (322)',1,'new through import_export',14,1),(893,'2023-04-30 12:00:49.233944','323','ArtMusic object (323)',1,'new through import_export',14,1),(894,'2023-04-30 12:00:49.241125','324','ArtMusic object (324)',1,'new through import_export',14,1),(895,'2023-04-30 12:00:49.247949','325','ArtMusic object (325)',1,'new through import_export',14,1),(896,'2023-04-30 12:00:49.254952','326','ArtMusic object (326)',1,'new through import_export',14,1),(897,'2023-04-30 12:00:49.262420','327','ArtMusic object (327)',1,'new through import_export',14,1),(898,'2023-04-30 12:00:49.269493','328','ArtMusic object (328)',1,'new through import_export',14,1),(899,'2023-04-30 12:00:49.277326','329','ArtMusic object (329)',1,'new through import_export',14,1),(900,'2023-04-30 12:00:49.287086','330','ArtMusic object (330)',1,'new through import_export',14,1),(901,'2023-04-30 12:00:49.295625','331','ArtMusic object (331)',1,'new through import_export',14,1),(902,'2023-04-30 12:00:49.303699','332','ArtMusic object (332)',1,'new through import_export',14,1),(903,'2023-04-30 12:00:49.312631','333','ArtMusic object (333)',1,'new through import_export',14,1),(904,'2023-04-30 12:00:49.320081','334','ArtMusic object (334)',1,'new through import_export',14,1),(905,'2023-04-30 12:00:49.328878','335','ArtMusic object (335)',1,'new through import_export',14,1),(906,'2023-04-30 12:00:49.336431','336','ArtMusic object (336)',1,'new through import_export',14,1),(907,'2023-04-30 12:00:49.344901','337','ArtMusic object (337)',1,'new through import_export',14,1),(908,'2023-04-30 12:00:49.352659','338','ArtMusic object (338)',1,'new through import_export',14,1),(909,'2023-04-30 12:00:49.360513','339','ArtMusic object (339)',1,'new through import_export',14,1),(910,'2023-04-30 12:00:49.368045','340','ArtMusic object (340)',1,'new through import_export',14,1),(911,'2023-04-30 12:00:49.375898','341','ArtMusic object (341)',1,'new through import_export',14,1),(912,'2023-04-30 12:00:49.383578','342','ArtMusic object (342)',1,'new through import_export',14,1),(913,'2023-04-30 12:00:49.390759','343','ArtMusic object (343)',1,'new through import_export',14,1),(914,'2023-04-30 12:00:49.397854','344','ArtMusic object (344)',1,'new through import_export',14,1),(915,'2023-04-30 12:00:49.405208','345','ArtMusic object (345)',1,'new through import_export',14,1),(916,'2023-04-30 12:00:49.412660','346','ArtMusic object (346)',1,'new through import_export',14,1),(917,'2023-04-30 12:00:49.419657','347','ArtMusic object (347)',1,'new through import_export',14,1),(918,'2023-04-30 12:00:49.427220','348','ArtMusic object (348)',1,'new through import_export',14,1),(919,'2023-04-30 12:00:49.434944','349','ArtMusic object (349)',1,'new through import_export',14,1),(920,'2023-04-30 12:00:49.442343','350','ArtMusic object (350)',1,'new through import_export',14,1),(921,'2023-04-30 12:00:49.450242','351','ArtMusic object (351)',1,'new through import_export',14,1),(922,'2023-04-30 12:00:49.458026','352','ArtMusic object (352)',1,'new through import_export',14,1),(923,'2023-04-30 12:00:49.465635','353','ArtMusic object (353)',1,'new through import_export',14,1),(924,'2023-04-30 12:00:49.473184','354','ArtMusic object (354)',1,'new through import_export',14,1),(925,'2023-04-30 12:00:49.480356','355','ArtMusic object (355)',1,'new through import_export',14,1),(926,'2023-04-30 12:00:49.488292','356','ArtMusic object (356)',1,'new through import_export',14,1),(927,'2023-04-30 12:00:49.495729','357','ArtMusic object (357)',1,'new through import_export',14,1),(928,'2023-04-30 12:00:49.502628','358','ArtMusic object (358)',1,'new through import_export',14,1),(929,'2023-04-30 12:00:49.509731','359','ArtMusic object (359)',1,'new through import_export',14,1),(930,'2023-04-30 12:00:49.516755','360','ArtMusic object (360)',1,'new through import_export',14,1),(931,'2023-04-30 12:00:49.523779','361','ArtMusic object (361)',1,'new through import_export',14,1),(932,'2023-04-30 12:00:49.531106','362','ArtMusic object (362)',1,'new through import_export',14,1),(933,'2023-04-30 12:00:49.538298','363','ArtMusic object (363)',1,'new through import_export',14,1),(934,'2023-04-30 12:00:49.545561','364','ArtMusic object (364)',1,'new through import_export',14,1),(935,'2023-04-30 12:00:49.552880','365','ArtMusic object (365)',1,'new through import_export',14,1),(936,'2023-04-30 12:00:49.560115','366','ArtMusic object (366)',1,'new through import_export',14,1),(937,'2023-04-30 12:00:49.567694','367','ArtMusic object (367)',1,'new through import_export',14,1),(938,'2023-04-30 12:00:49.574940','368','ArtMusic object (368)',1,'new through import_export',14,1),(939,'2023-04-30 12:00:49.582222','369','ArtMusic object (369)',1,'new through import_export',14,1),(940,'2023-04-30 12:00:49.589358','370','ArtMusic object (370)',1,'new through import_export',14,1),(941,'2023-04-30 12:00:49.597009','371','ArtMusic object (371)',1,'new through import_export',14,1),(942,'2023-04-30 12:00:49.604152','372','ArtMusic object (372)',1,'new through import_export',14,1),(943,'2023-04-30 12:00:49.611537','373','ArtMusic object (373)',1,'new through import_export',14,1),(944,'2023-04-30 12:00:49.619023','374','ArtMusic object (374)',1,'new through import_export',14,1),(945,'2023-04-30 12:00:49.626163','375','ArtMusic object (375)',1,'new through import_export',14,1),(946,'2023-04-30 12:00:49.632933','376','ArtMusic object (376)',1,'new through import_export',14,1),(947,'2023-04-30 12:12:51.557137','207','Labor object (207)',1,'new through import_export',25,1),(948,'2023-04-30 12:12:51.574715','208','Labor object (208)',1,'new through import_export',25,1),(949,'2023-04-30 12:12:51.590022','209','Labor object (209)',1,'new through import_export',25,1),(950,'2023-04-30 12:12:51.602984','210','Labor object (210)',1,'new through import_export',25,1),(951,'2023-04-30 12:12:51.609755','211','Labor object (211)',1,'new through import_export',25,1),(952,'2023-04-30 12:12:51.616488','212','Labor object (212)',1,'new through import_export',25,1),(953,'2023-04-30 12:12:51.623952','213','Labor object (213)',1,'new through import_export',25,1),(954,'2023-04-30 12:12:51.630883','214','Labor object (214)',1,'new through import_export',25,1),(955,'2023-04-30 12:12:51.645393','215','Labor object (215)',1,'new through import_export',25,1),(956,'2023-04-30 12:12:51.663784','216','Labor object (216)',1,'new through import_export',25,1),(957,'2023-04-30 12:12:51.671251','217','Labor object (217)',1,'new through import_export',25,1),(958,'2023-04-30 12:12:51.678276','218','Labor object (218)',1,'new through import_export',25,1),(959,'2023-04-30 12:12:51.691863','219','Labor object (219)',1,'new through import_export',25,1),(960,'2023-04-30 12:12:51.712143','220','Labor object (220)',1,'new through import_export',25,1),(961,'2023-04-30 12:12:51.728234','221','Labor object (221)',1,'new through import_export',25,1),(962,'2023-04-30 12:12:51.750212','222','Labor object (222)',1,'new through import_export',25,1),(963,'2023-04-30 12:12:51.765306','223','Labor object (223)',1,'new through import_export',25,1),(964,'2023-04-30 12:12:51.780859','224','Labor object (224)',1,'new through import_export',25,1),(965,'2023-04-30 12:12:51.792945','225','Labor object (225)',1,'new through import_export',25,1),(966,'2023-04-30 12:12:51.809826','226','Labor object (226)',1,'new through import_export',25,1),(967,'2023-04-30 12:12:51.817203','227','Labor object (227)',1,'new through import_export',25,1),(968,'2023-04-30 12:12:51.833267','228','Labor object (228)',1,'new through import_export',25,1),(969,'2023-04-30 12:12:51.840931','229','Labor object (229)',1,'new through import_export',25,1),(970,'2023-04-30 12:12:51.862495','230','Labor object (230)',1,'new through import_export',25,1),(971,'2023-04-30 12:12:51.877146','231','Labor object (231)',1,'new through import_export',25,1),(972,'2023-04-30 12:12:51.894849','232','Labor object (232)',1,'new through import_export',25,1),(973,'2023-04-30 12:12:51.902157','233','Labor object (233)',1,'new through import_export',25,1),(974,'2023-04-30 12:12:51.908677','234','Labor object (234)',1,'new through import_export',25,1),(975,'2023-04-30 12:12:51.921999','235','Labor object (235)',1,'new through import_export',25,1),(976,'2023-04-30 12:12:51.933675','211','Labor object (211)',2,'update through import_export',25,1),(977,'2023-04-30 12:12:51.955482','212','Labor object (212)',2,'update through import_export',25,1),(978,'2023-04-30 12:12:51.969807','236','Labor object (236)',1,'new through import_export',25,1),(979,'2023-04-30 12:12:51.977284','237','Labor object (237)',1,'new through import_export',25,1),(980,'2023-04-30 12:12:51.984279','238','Labor object (238)',1,'new through import_export',25,1),(981,'2023-04-30 12:12:51.991443','239','Labor object (239)',1,'new through import_export',25,1),(982,'2023-04-30 12:12:51.998024','240','Labor object (240)',1,'new through import_export',25,1),(983,'2023-04-30 12:12:52.007822','227','Labor object (227)',2,'update through import_export',25,1),(984,'2023-04-30 12:12:52.014587','241','Labor object (241)',1,'new through import_export',25,1),(985,'2023-04-30 12:12:52.028996','242','Labor object (242)',1,'new through import_export',25,1),(986,'2023-04-30 12:12:52.036400','243','Labor object (243)',1,'new through import_export',25,1),(987,'2023-04-30 12:12:52.043552','231','Labor object (231)',2,'update through import_export',25,1),(988,'2023-04-30 12:12:52.050861','244','Labor object (244)',1,'new through import_export',25,1),(989,'2023-04-30 12:12:52.059865','232','Labor object (232)',2,'update through import_export',25,1),(990,'2023-04-30 12:12:52.087530','245','Labor object (245)',1,'new through import_export',25,1),(991,'2023-04-30 12:12:52.101265','246','Labor object (246)',1,'new through import_export',25,1),(992,'2023-04-30 12:12:52.116427','247','Labor object (247)',1,'new through import_export',25,1),(993,'2023-04-30 12:12:52.123949','248','Labor object (248)',1,'new through import_export',25,1),(994,'2023-04-30 12:12:52.135143','249','Labor object (249)',1,'new through import_export',25,1),(995,'2023-04-30 12:12:52.145771','250','Labor object (250)',1,'new through import_export',25,1),(996,'2023-04-30 12:12:52.156486','251','Labor object (251)',1,'new through import_export',25,1),(997,'2023-04-30 12:12:52.169170','237','Labor object (237)',2,'update through import_export',25,1),(998,'2023-04-30 12:12:52.178198','252','Labor object (252)',1,'new through import_export',25,1),(999,'2023-04-30 12:12:52.187038','253','Labor object (253)',1,'new through import_export',25,1),(1000,'2023-04-30 12:12:52.204891','254','Labor object (254)',1,'new through import_export',25,1),(1001,'2023-04-30 12:12:52.216579','255','Labor object (255)',1,'new through import_export',25,1),(1002,'2023-04-30 12:12:52.225616','256','Labor object (256)',1,'new through import_export',25,1),(1003,'2023-04-30 12:12:52.239104','257','Labor object (257)',1,'new through import_export',25,1),(1004,'2023-04-30 12:12:52.246797','258','Labor object (258)',1,'new through import_export',25,1),(1005,'2023-04-30 12:12:52.257817','259','Labor object (259)',1,'new through import_export',25,1),(1006,'2023-04-30 12:12:52.264782','260','Labor object (260)',1,'new through import_export',25,1),(1007,'2023-04-30 12:12:52.271752','261','Labor object (261)',1,'new through import_export',25,1),(1008,'2023-04-30 12:12:52.278457','262','Labor object (262)',1,'new through import_export',25,1),(1009,'2023-04-30 12:12:52.297264','263','Labor object (263)',1,'new through import_export',25,1),(1010,'2023-04-30 12:12:52.310877','264','Labor object (264)',1,'new through import_export',25,1),(1011,'2023-04-30 12:12:52.329594','265','Labor object (265)',1,'new through import_export',25,1),(1012,'2023-04-30 12:12:52.338599','266','Labor object (266)',1,'new through import_export',25,1),(1013,'2023-04-30 12:12:52.345607','267','Labor object (267)',1,'new through import_export',25,1),(1014,'2023-04-30 12:12:52.352158','268','Labor object (268)',1,'new through import_export',25,1),(1015,'2023-04-30 12:12:52.359027','269','Labor object (269)',1,'new through import_export',25,1),(1016,'2023-04-30 12:12:52.365808','270','Labor object (270)',1,'new through import_export',25,1),(1017,'2023-04-30 12:12:52.372493','271','Labor object (271)',1,'new through import_export',25,1),(1018,'2023-04-30 12:12:52.379554','272','Labor object (272)',1,'new through import_export',25,1),(1019,'2023-04-30 12:12:52.386442','273','Labor object (273)',1,'new through import_export',25,1),(1020,'2023-04-30 12:12:52.398065','274','Labor object (274)',1,'new through import_export',25,1),(1021,'2023-04-30 12:12:52.406057','275','Labor object (275)',1,'new through import_export',25,1),(1022,'2023-04-30 12:12:52.412824','276','Labor object (276)',1,'new through import_export',25,1),(1023,'2023-04-30 12:12:52.419777','277','Labor object (277)',1,'new through import_export',25,1),(1024,'2023-04-30 12:12:52.426383','278','Labor object (278)',1,'new through import_export',25,1),(1025,'2023-04-30 12:12:52.432427','279','Labor object (279)',1,'new through import_export',25,1),(1026,'2023-04-30 12:12:52.438865','280','Labor object (280)',1,'new through import_export',25,1),(1027,'2023-04-30 12:12:52.444751','281','Labor object (281)',1,'new through import_export',25,1),(1028,'2023-04-30 12:12:52.451400','282','Labor object (282)',1,'new through import_export',25,1),(1029,'2023-04-30 12:12:52.458212','283','Labor object (283)',1,'new through import_export',25,1),(1030,'2023-04-30 12:12:52.465354','284','Labor object (284)',1,'new through import_export',25,1),(1031,'2023-04-30 12:12:52.472313','285','Labor object (285)',1,'new through import_export',25,1),(1032,'2023-04-30 12:12:52.479186','286','Labor object (286)',1,'new through import_export',25,1),(1033,'2023-04-30 12:12:52.485345','287','Labor object (287)',1,'new through import_export',25,1),(1034,'2023-04-30 12:12:52.492209','288','Labor object (288)',1,'new through import_export',25,1),(1035,'2023-04-30 12:12:52.498676','289','Labor object (289)',1,'new through import_export',25,1),(1036,'2023-04-30 12:12:52.505045','290','Labor object (290)',1,'new through import_export',25,1),(1037,'2023-04-30 12:12:52.511342','291','Labor object (291)',1,'new through import_export',25,1),(1038,'2023-04-30 12:12:52.517780','292','Labor object (292)',1,'new through import_export',25,1),(1039,'2023-04-30 12:12:52.524593','293','Labor object (293)',1,'new through import_export',25,1),(1040,'2023-04-30 12:12:52.531253','294','Labor object (294)',1,'new through import_export',25,1),(1041,'2023-04-30 12:12:52.538304','295','Labor object (295)',1,'new through import_export',25,1),(1042,'2023-04-30 12:12:52.545838','296','Labor object (296)',1,'new through import_export',25,1),(1043,'2023-04-30 12:12:52.553158','297','Labor object (297)',1,'new through import_export',25,1),(1044,'2023-04-30 12:12:52.571173','298','Labor object (298)',1,'new through import_export',25,1),(1045,'2023-04-30 12:12:52.578617','299','Labor object (299)',1,'new through import_export',25,1),(1046,'2023-04-30 12:12:52.586028','300','Labor object (300)',1,'new through import_export',25,1),(1047,'2023-04-30 12:12:52.595009','301','Labor object (301)',1,'new through import_export',25,1),(1048,'2023-04-30 12:12:52.602114','302','Labor object (302)',1,'new through import_export',25,1),(1049,'2023-04-30 12:12:52.609548','303','Labor object (303)',1,'new through import_export',25,1),(1050,'2023-04-30 12:12:52.617136','304','Labor object (304)',1,'new through import_export',25,1),(1051,'2023-04-30 12:12:52.624986','305','Labor object (305)',1,'new through import_export',25,1),(1052,'2023-04-30 12:12:52.632666','306','Labor object (306)',1,'new through import_export',25,1),(1053,'2023-04-30 12:20:29.115772','88','Sport object (88)',1,'new through import_export',30,1),(1054,'2023-04-30 12:20:29.123149','89','Sport object (89)',1,'new through import_export',30,1),(1055,'2023-04-30 12:20:29.132910','90','Sport object (90)',1,'new through import_export',30,1),(1056,'2023-04-30 12:20:29.139440','91','Sport object (91)',1,'new through import_export',30,1),(1057,'2023-04-30 12:20:29.146190','92','Sport object (92)',1,'new through import_export',30,1),(1058,'2023-04-30 12:20:29.153028','93','Sport object (93)',1,'new through import_export',30,1),(1059,'2023-04-30 12:20:29.159992','94','Sport object (94)',1,'new through import_export',30,1),(1060,'2023-04-30 12:20:29.167068','95','Sport object (95)',1,'new through import_export',30,1),(1061,'2023-04-30 12:20:29.175258','96','Sport object (96)',1,'new through import_export',30,1),(1062,'2023-04-30 12:20:29.183139','97','Sport object (97)',1,'new through import_export',30,1),(1063,'2023-04-30 12:20:29.191233','98','Sport object (98)',1,'new through import_export',30,1),(1064,'2023-04-30 12:20:29.199473','99','Sport object (99)',1,'new through import_export',30,1),(1065,'2023-04-30 12:20:29.207635','100','Sport object (100)',1,'new through import_export',30,1),(1066,'2023-04-30 12:20:29.215703','101','Sport object (101)',1,'new through import_export',30,1),(1067,'2023-04-30 12:20:29.223685','102','Sport object (102)',1,'new through import_export',30,1),(1068,'2023-04-30 12:20:29.231702','103','Sport object (103)',1,'new through import_export',30,1),(1069,'2023-04-30 12:20:29.240086','104','Sport object (104)',1,'new through import_export',30,1),(1070,'2023-04-30 12:20:29.247989','105','Sport object (105)',1,'new through import_export',30,1),(1071,'2023-04-30 12:20:29.255437','106','Sport object (106)',1,'new through import_export',30,1),(1072,'2023-04-30 12:20:29.263425','107','Sport object (107)',1,'new through import_export',30,1),(1073,'2023-04-30 12:20:29.271413','108','Sport object (108)',1,'new through import_export',30,1),(1074,'2023-04-30 12:20:29.279546','109','Sport object (109)',1,'new through import_export',30,1),(1075,'2023-04-30 12:20:29.287835','110','Sport object (110)',1,'new through import_export',30,1),(1076,'2023-04-30 12:20:29.295990','111','Sport object (111)',1,'new through import_export',30,1),(1077,'2023-04-30 12:20:29.303666','112','Sport object (112)',1,'new through import_export',30,1),(1078,'2023-04-30 12:20:29.311767','113','Sport object (113)',1,'new through import_export',30,1),(1079,'2023-04-30 12:20:29.319611','114','Sport object (114)',1,'new through import_export',30,1),(1080,'2023-04-30 12:20:29.327813','115','Sport object (115)',1,'new through import_export',30,1),(1081,'2023-04-30 12:20:29.335910','116','Sport object (116)',1,'new through import_export',30,1),(1082,'2023-04-30 12:20:29.343473','117','Sport object (117)',1,'new through import_export',30,1),(1083,'2023-04-30 12:20:29.365604','118','Sport object (118)',1,'new through import_export',30,1),(1084,'2023-04-30 12:20:29.373317','119','Sport object (119)',1,'new through import_export',30,1),(1085,'2023-04-30 12:20:29.380926','120','Sport object (120)',1,'new through import_export',30,1),(1086,'2023-04-30 12:20:29.388427','121','Sport object (121)',1,'new through import_export',30,1),(1087,'2023-04-30 12:20:29.396466','122','Sport object (122)',1,'new through import_export',30,1),(1088,'2023-04-30 12:20:29.405055','123','Sport object (123)',1,'new through import_export',30,1),(1089,'2023-04-30 12:20:29.412516','124','Sport object (124)',1,'new through import_export',30,1),(1090,'2023-04-30 12:20:29.419958','125','Sport object (125)',1,'new through import_export',30,1),(1091,'2023-04-30 12:20:29.427527','126','Sport object (126)',1,'new through import_export',30,1),(1092,'2023-04-30 12:20:29.434694','127','Sport object (127)',1,'new through import_export',30,1),(1093,'2023-04-30 12:20:29.444235','128','Sport object (128)',1,'new through import_export',30,1),(1094,'2023-04-30 12:20:29.452353','129','Sport object (129)',1,'new through import_export',30,1),(1095,'2023-04-30 12:20:29.459873','130','Sport object (130)',1,'new through import_export',30,1),(1096,'2023-04-30 12:20:29.467485','131','Sport object (131)',1,'new through import_export',30,1),(1097,'2023-04-30 12:20:29.475409','132','Sport object (132)',1,'new through import_export',30,1),(1098,'2023-04-30 12:20:29.484128','133','Sport object (133)',1,'new through import_export',30,1),(1099,'2023-04-30 12:20:29.492141','134','Sport object (134)',1,'new through import_export',30,1),(1100,'2023-04-30 12:20:29.500148','135','Sport object (135)',1,'new through import_export',30,1),(1101,'2023-04-30 12:20:29.508248','136','Sport object (136)',1,'new through import_export',30,1),(1102,'2023-04-30 12:20:29.516198','137','Sport object (137)',1,'new through import_export',30,1),(1103,'2023-04-30 12:20:29.526033','138','Sport object (138)',1,'new through import_export',30,1),(1104,'2023-04-30 12:20:29.534142','139','Sport object (139)',1,'new through import_export',30,1),(1105,'2023-04-30 12:20:29.542119','140','Sport object (140)',1,'new through import_export',30,1),(1106,'2023-04-30 12:20:29.551332','141','Sport object (141)',1,'new through import_export',30,1),(1107,'2023-04-30 12:20:29.559403','142','Sport object (142)',1,'new through import_export',30,1),(1108,'2023-04-30 12:20:29.567503','143','Sport object (143)',1,'new through import_export',30,1),(1109,'2023-04-30 12:20:29.575653','144','Sport object (144)',1,'new through import_export',30,1),(1110,'2023-04-30 12:20:29.583586','145','Sport object (145)',1,'new through import_export',30,1),(1111,'2023-04-30 12:20:29.591639','146','Sport object (146)',1,'new through import_export',30,1),(1112,'2023-04-30 12:20:29.599591','147','Sport object (147)',1,'new through import_export',30,1),(1113,'2023-04-30 12:20:29.607325','148','Sport object (148)',1,'new through import_export',30,1),(1114,'2023-04-30 12:20:29.615317','149','Sport object (149)',1,'new through import_export',30,1),(1115,'2023-04-30 12:20:29.624126','150','Sport object (150)',1,'new through import_export',30,1),(1116,'2023-04-30 12:20:29.632093','151','Sport object (151)',1,'new through import_export',30,1),(1117,'2023-04-30 12:20:29.640205','152','Sport object (152)',1,'new through import_export',30,1),(1118,'2023-04-30 12:20:29.648421','153','Sport object (153)',1,'new through import_export',30,1),(1119,'2023-04-30 12:20:29.656240','154','Sport object (154)',1,'new through import_export',30,1),(1120,'2023-04-30 12:20:29.664138','155','Sport object (155)',1,'new through import_export',30,1),(1121,'2023-04-30 12:20:29.672565','156','Sport object (156)',1,'new through import_export',30,1),(1122,'2023-04-30 12:20:29.690830','157','Sport object (157)',1,'new through import_export',30,1),(1123,'2023-04-30 12:20:29.698806','158','Sport object (158)',1,'new through import_export',30,1),(1124,'2023-04-30 12:20:29.706736','159','Sport object (159)',1,'new through import_export',30,1),(1125,'2023-04-30 12:20:29.715019','160','Sport object (160)',1,'new through import_export',30,1),(1126,'2023-04-30 12:20:29.722694','161','Sport object (161)',1,'new through import_export',30,1),(1127,'2023-04-30 12:20:29.730468','162','Sport object (162)',1,'new through import_export',30,1),(1128,'2023-04-30 12:20:29.738437','163','Sport object (163)',1,'new through import_export',30,1),(1129,'2023-04-30 12:20:29.746375','164','Sport object (164)',1,'new through import_export',30,1),(1130,'2023-04-30 12:20:29.754008','165','Sport object (165)',1,'new through import_export',30,1),(1131,'2023-04-30 12:20:29.762143','166','Sport object (166)',1,'new through import_export',30,1),(1132,'2023-04-30 12:20:29.769707','167','Sport object (167)',1,'new through import_export',30,1),(1133,'2023-04-30 12:20:29.777372','168','Sport object (168)',1,'new through import_export',30,1),(1134,'2023-04-30 12:20:29.784741','169','Sport object (169)',1,'new through import_export',30,1),(1135,'2023-04-30 12:20:29.792509','170','Sport object (170)',1,'new through import_export',30,1),(1136,'2023-04-30 12:20:29.800399','171','Sport object (171)',1,'new through import_export',30,1),(1137,'2023-04-30 12:20:29.808267','172','Sport object (172)',1,'new through import_export',30,1),(1138,'2023-04-30 12:20:29.815694','173','Sport object (173)',1,'new through import_export',30,1),(1139,'2023-04-30 12:20:29.822911','174','Sport object (174)',1,'new through import_export',30,1),(1140,'2023-04-30 12:24:44.521201','103','IntellectualBehaviorAttitudeMethod object (103)',1,'new through import_export',19,1),(1141,'2023-04-30 12:24:44.528536','104','IntellectualBehaviorAttitudeMethod object (104)',1,'new through import_export',19,1),(1142,'2023-04-30 12:24:44.534794','105','IntellectualBehaviorAttitudeMethod object (105)',1,'new through import_export',19,1),(1143,'2023-04-30 12:24:44.540942','106','IntellectualBehaviorAttitudeMethod object (106)',1,'new through import_export',19,1),(1144,'2023-04-30 12:24:44.547509','107','IntellectualBehaviorAttitudeMethod object (107)',1,'new through import_export',19,1),(1145,'2023-04-30 12:24:44.555249','108','IntellectualBehaviorAttitudeMethod object (108)',1,'new through import_export',19,1),(1146,'2023-04-30 12:24:44.561727','109','IntellectualBehaviorAttitudeMethod object (109)',1,'new through import_export',19,1),(1147,'2023-04-30 12:24:44.570176','110','IntellectualBehaviorAttitudeMethod object (110)',1,'new through import_export',19,1),(1148,'2023-04-30 12:24:44.577102','111','IntellectualBehaviorAttitudeMethod object (111)',1,'new through import_export',19,1),(1149,'2023-04-30 12:24:44.583666','112','IntellectualBehaviorAttitudeMethod object (112)',1,'new through import_export',19,1),(1150,'2023-04-30 12:24:44.590367','113','IntellectualBehaviorAttitudeMethod object (113)',1,'new through import_export',19,1),(1151,'2023-04-30 12:24:44.597318','114','IntellectualBehaviorAttitudeMethod object (114)',1,'new through import_export',19,1),(1152,'2023-04-30 12:24:44.604299','115','IntellectualBehaviorAttitudeMethod object (115)',1,'new through import_export',19,1),(1153,'2023-04-30 12:24:44.611309','116','IntellectualBehaviorAttitudeMethod object (116)',1,'new through import_export',19,1),(1154,'2023-04-30 12:24:44.618057','117','IntellectualBehaviorAttitudeMethod object (117)',1,'new through import_export',19,1),(1155,'2023-04-30 12:24:44.624895','118','IntellectualBehaviorAttitudeMethod object (118)',1,'new through import_export',19,1),(1156,'2023-04-30 12:24:44.631441','119','IntellectualBehaviorAttitudeMethod object (119)',1,'new through import_export',19,1),(1157,'2023-04-30 12:24:44.638056','120','IntellectualBehaviorAttitudeMethod object (120)',1,'new through import_export',19,1),(1158,'2023-04-30 12:24:44.644352','121','IntellectualBehaviorAttitudeMethod object (121)',1,'new through import_export',19,1),(1159,'2023-04-30 12:24:44.650935','122','IntellectualBehaviorAttitudeMethod object (122)',1,'new through import_export',19,1),(1160,'2023-04-30 12:24:44.657897','123','IntellectualBehaviorAttitudeMethod object (123)',1,'new through import_export',19,1),(1161,'2023-04-30 12:24:44.664709','124','IntellectualBehaviorAttitudeMethod object (124)',1,'new through import_export',19,1),(1162,'2023-04-30 12:24:44.671823','125','IntellectualBehaviorAttitudeMethod object (125)',1,'new through import_export',19,1),(1163,'2023-04-30 12:24:44.681042','126','IntellectualBehaviorAttitudeMethod object (126)',1,'new through import_export',19,1),(1164,'2023-04-30 12:24:44.687411','127','IntellectualBehaviorAttitudeMethod object (127)',1,'new through import_export',19,1),(1165,'2023-04-30 12:24:44.693712','128','IntellectualBehaviorAttitudeMethod object (128)',1,'new through import_export',19,1),(1166,'2023-04-30 12:24:44.699686','129','IntellectualBehaviorAttitudeMethod object (129)',1,'new through import_export',19,1),(1167,'2023-04-30 12:24:44.705291','130','IntellectualBehaviorAttitudeMethod object (130)',1,'new through import_export',19,1),(1168,'2023-04-30 12:24:44.711208','131','IntellectualBehaviorAttitudeMethod object (131)',1,'new through import_export',19,1),(1169,'2023-04-30 12:24:44.717687','132','IntellectualBehaviorAttitudeMethod object (132)',1,'new through import_export',19,1),(1170,'2023-04-30 12:24:44.724817','133','IntellectualBehaviorAttitudeMethod object (133)',1,'new through import_export',19,1),(1171,'2023-04-30 12:24:44.731762','134','IntellectualBehaviorAttitudeMethod object (134)',1,'new through import_export',19,1),(1172,'2023-04-30 12:24:44.738448','135','IntellectualBehaviorAttitudeMethod object (135)',1,'new through import_export',19,1),(1173,'2023-04-30 12:24:44.745319','136','IntellectualBehaviorAttitudeMethod object (136)',1,'new through import_export',19,1),(1174,'2023-04-30 12:24:44.752935','137','IntellectualBehaviorAttitudeMethod object (137)',1,'new through import_export',19,1),(1175,'2023-04-30 12:24:44.760171','138','IntellectualBehaviorAttitudeMethod object (138)',1,'new through import_export',19,1),(1176,'2023-04-30 12:24:44.767763','139','IntellectualBehaviorAttitudeMethod object (139)',1,'new through import_export',19,1),(1177,'2023-04-30 12:24:44.775456','140','IntellectualBehaviorAttitudeMethod object (140)',1,'new through import_export',19,1),(1178,'2023-04-30 12:24:44.782675','141','IntellectualBehaviorAttitudeMethod object (141)',1,'new through import_export',19,1),(1179,'2023-04-30 12:24:44.789839','142','IntellectualBehaviorAttitudeMethod object (142)',1,'new through import_export',19,1),(1180,'2023-04-30 12:24:44.797208','143','IntellectualBehaviorAttitudeMethod object (143)',1,'new through import_export',19,1),(1181,'2023-04-30 12:24:44.804489','144','IntellectualBehaviorAttitudeMethod object (144)',1,'new through import_export',19,1),(1182,'2023-04-30 12:24:44.812339','145','IntellectualBehaviorAttitudeMethod object (145)',1,'new through import_export',19,1),(1183,'2023-04-30 12:24:44.819738','146','IntellectualBehaviorAttitudeMethod object (146)',1,'new through import_export',19,1),(1184,'2023-04-30 12:24:44.826772','147','IntellectualBehaviorAttitudeMethod object (147)',1,'new through import_export',19,1),(1185,'2023-04-30 12:24:44.834383','148','IntellectualBehaviorAttitudeMethod object (148)',1,'new through import_export',19,1),(1186,'2023-04-30 12:24:44.841582','149','IntellectualBehaviorAttitudeMethod object (149)',1,'new through import_export',19,1),(1187,'2023-04-30 12:24:44.849050','150','IntellectualBehaviorAttitudeMethod object (150)',1,'new through import_export',19,1),(1188,'2023-04-30 12:24:44.855784','151','IntellectualBehaviorAttitudeMethod object (151)',1,'new through import_export',19,1),(1189,'2023-04-30 12:24:44.862774','152','IntellectualBehaviorAttitudeMethod object (152)',1,'new through import_export',19,1),(1190,'2023-04-30 12:24:44.869689','153','IntellectualBehaviorAttitudeMethod object (153)',1,'new through import_export',19,1),(1191,'2023-04-30 12:24:44.876706','154','IntellectualBehaviorAttitudeMethod object (154)',1,'new through import_export',19,1),(1192,'2023-04-30 12:24:44.883545','155','IntellectualBehaviorAttitudeMethod object (155)',1,'new through import_export',19,1),(1193,'2023-04-30 12:24:44.890491','156','IntellectualBehaviorAttitudeMethod object (156)',1,'new through import_export',19,1),(1194,'2023-04-30 12:24:44.897491','157','IntellectualBehaviorAttitudeMethod object (157)',1,'new through import_export',19,1),(1195,'2023-04-30 12:24:44.915620','158','IntellectualBehaviorAttitudeMethod object (158)',1,'new through import_export',19,1),(1196,'2023-04-30 12:24:44.928067','159','IntellectualBehaviorAttitudeMethod object (159)',1,'new through import_export',19,1),(1197,'2023-04-30 12:24:44.935193','160','IntellectualBehaviorAttitudeMethod object (160)',1,'new through import_export',19,1),(1198,'2023-04-30 12:24:44.942042','161','IntellectualBehaviorAttitudeMethod object (161)',1,'new through import_export',19,1),(1199,'2023-04-30 12:24:44.948696','162','IntellectualBehaviorAttitudeMethod object (162)',1,'new through import_export',19,1),(1200,'2023-04-30 12:24:44.956105','163','IntellectualBehaviorAttitudeMethod object (163)',1,'new through import_export',19,1),(1201,'2023-04-30 12:24:44.963764','164','IntellectualBehaviorAttitudeMethod object (164)',1,'new through import_export',19,1),(1202,'2023-04-30 12:24:44.971004','165','IntellectualBehaviorAttitudeMethod object (165)',1,'new through import_export',19,1),(1203,'2023-04-30 12:24:44.978228','166','IntellectualBehaviorAttitudeMethod object (166)',1,'new through import_export',19,1),(1204,'2023-04-30 12:24:44.985211','167','IntellectualBehaviorAttitudeMethod object (167)',1,'new through import_export',19,1),(1205,'2023-04-30 12:24:45.001508','168','IntellectualBehaviorAttitudeMethod object (168)',1,'new through import_export',19,1),(1206,'2023-04-30 12:24:45.008460','169','IntellectualBehaviorAttitudeMethod object (169)',1,'new through import_export',19,1),(1207,'2023-04-30 12:24:45.015245','170','IntellectualBehaviorAttitudeMethod object (170)',1,'new through import_export',19,1),(1208,'2023-04-30 12:24:45.021931','171','IntellectualBehaviorAttitudeMethod object (171)',1,'new through import_export',19,1),(1209,'2023-04-30 12:24:45.028838','172','IntellectualBehaviorAttitudeMethod object (172)',1,'new through import_export',19,1),(1210,'2023-04-30 12:24:45.036827','173','IntellectualBehaviorAttitudeMethod object (173)',1,'new through import_export',19,1),(1211,'2023-04-30 12:24:45.043661','174','IntellectualBehaviorAttitudeMethod object (174)',1,'new through import_export',19,1),(1212,'2023-04-30 12:24:45.050450','175','IntellectualBehaviorAttitudeMethod object (175)',1,'new through import_export',19,1),(1213,'2023-04-30 12:24:45.057190','176','IntellectualBehaviorAttitudeMethod object (176)',1,'new through import_export',19,1),(1214,'2023-04-30 12:24:45.064057','104','IntellectualBehaviorAttitudeMethod object (104)',2,'update through import_export',19,1),(1215,'2023-04-30 12:24:45.070751','177','IntellectualBehaviorAttitudeMethod object (177)',1,'new through import_export',19,1),(1216,'2023-04-30 12:24:45.077662','178','IntellectualBehaviorAttitudeMethod object (178)',1,'new through import_export',19,1),(1217,'2023-04-30 12:24:45.084397','179','IntellectualBehaviorAttitudeMethod object (179)',1,'new through import_export',19,1),(1218,'2023-04-30 12:24:45.091404','180','IntellectualBehaviorAttitudeMethod object (180)',1,'new through import_export',19,1),(1219,'2023-04-30 12:24:45.098481','181','IntellectualBehaviorAttitudeMethod object (181)',1,'new through import_export',19,1),(1220,'2023-04-30 12:24:45.105366','182','IntellectualBehaviorAttitudeMethod object (182)',1,'new through import_export',19,1),(1221,'2023-04-30 12:24:45.112184','183','IntellectualBehaviorAttitudeMethod object (183)',1,'new through import_export',19,1),(1222,'2023-04-30 12:24:45.119127','184','IntellectualBehaviorAttitudeMethod object (184)',1,'new through import_export',19,1),(1223,'2023-04-30 12:24:45.125798','185','IntellectualBehaviorAttitudeMethod object (185)',1,'new through import_export',19,1),(1224,'2023-04-30 12:24:45.132080','169','IntellectualBehaviorAttitudeMethod object (169)',2,'update through import_export',19,1),(1225,'2023-04-30 12:24:45.138919','186','IntellectualBehaviorAttitudeMethod object (186)',1,'new through import_export',19,1),(1226,'2023-04-30 12:24:45.145899','187','IntellectualBehaviorAttitudeMethod object (187)',1,'new through import_export',19,1),(1227,'2023-04-30 12:24:45.152997','188','IntellectualBehaviorAttitudeMethod object (188)',1,'new through import_export',19,1),(1228,'2023-04-30 12:24:45.160605','189','IntellectualBehaviorAttitudeMethod object (189)',1,'new through import_export',19,1),(1229,'2023-04-30 12:24:45.168946','190','IntellectualBehaviorAttitudeMethod object (190)',1,'new through import_export',19,1),(1230,'2023-04-30 12:24:45.176283','191','IntellectualBehaviorAttitudeMethod object (191)',1,'new through import_export',19,1),(1231,'2023-04-30 12:24:45.183691','192','IntellectualBehaviorAttitudeMethod object (192)',1,'new through import_export',19,1),(1232,'2023-04-30 12:24:45.191112','193','IntellectualBehaviorAttitudeMethod object (193)',1,'new through import_export',19,1),(1233,'2023-04-30 12:24:45.198570','194','IntellectualBehaviorAttitudeMethod object (194)',1,'new through import_export',19,1),(1234,'2023-04-30 12:24:45.205992','195','IntellectualBehaviorAttitudeMethod object (195)',1,'new through import_export',19,1),(1235,'2023-04-30 12:24:45.213269','196','IntellectualBehaviorAttitudeMethod object (196)',1,'new through import_export',19,1),(1236,'2023-04-30 12:24:45.222450','197','IntellectualBehaviorAttitudeMethod object (197)',1,'new through import_export',19,1),(1237,'2023-04-30 12:24:45.229787','198','IntellectualBehaviorAttitudeMethod object (198)',1,'new through import_export',19,1),(1238,'2023-04-30 12:24:45.237244','199','IntellectualBehaviorAttitudeMethod object (199)',1,'new through import_export',19,1),(1239,'2023-04-30 12:24:45.244716','200','IntellectualBehaviorAttitudeMethod object (200)',1,'new through import_export',19,1),(1240,'2023-04-30 12:24:45.252489','201','IntellectualBehaviorAttitudeMethod object (201)',1,'new through import_export',19,1),(1241,'2023-04-30 12:24:45.259967','202','IntellectualBehaviorAttitudeMethod object (202)',1,'new through import_export',19,1),(1242,'2023-04-30 12:24:45.267562','203','IntellectualBehaviorAttitudeMethod object (203)',1,'new through import_export',19,1),(1243,'2023-04-30 12:24:45.276506','204','IntellectualBehaviorAttitudeMethod object (204)',1,'new through import_export',19,1),(1244,'2023-04-30 12:33:25.876020','5','IntellectualAbilityCreate object (5)',1,'new through import_export',18,1),(1245,'2023-04-30 12:33:25.891462','6','IntellectualAbilityCreate object (6)',1,'new through import_export',18,1),(1246,'2023-04-30 12:33:25.898825','7','IntellectualAbilityCreate object (7)',1,'new through import_export',18,1),(1247,'2023-04-30 12:33:25.905613','8','IntellectualAbilityCreate object (8)',1,'new through import_export',18,1),(1248,'2023-04-30 12:37:59.168137','4','IntellectualAbilityColloquial object (4)',1,'new through import_export',17,1),(1249,'2023-04-30 12:37:59.177268','5','IntellectualAbilityColloquial object (5)',1,'new through import_export',17,1),(1250,'2023-04-30 12:37:59.183754','6','IntellectualAbilityColloquial object (6)',1,'new through import_export',17,1),(1251,'2023-04-30 12:53:33.755916','255','IntellectualBehaviorStyle object (255)',1,'new through import_export',20,1),(1252,'2023-04-30 12:53:33.762650','256','IntellectualBehaviorStyle object (256)',1,'new through import_export',20,1),(1253,'2023-04-30 12:53:33.768358','257','IntellectualBehaviorStyle object (257)',1,'new through import_export',20,1),(1254,'2023-04-30 12:53:33.773974','258','IntellectualBehaviorStyle object (258)',1,'new through import_export',20,1),(1255,'2023-04-30 12:53:33.779815','259','IntellectualBehaviorStyle object (259)',1,'new through import_export',20,1),(1256,'2023-04-30 12:53:33.786815','260','IntellectualBehaviorStyle object (260)',1,'new through import_export',20,1),(1257,'2023-04-30 12:53:33.792394','261','IntellectualBehaviorStyle object (261)',1,'new through import_export',20,1),(1258,'2023-04-30 12:53:33.798206','262','IntellectualBehaviorStyle object (262)',1,'new through import_export',20,1),(1259,'2023-04-30 12:53:33.804015','263','IntellectualBehaviorStyle object (263)',1,'new through import_export',20,1),(1260,'2023-04-30 12:53:33.809815','264','IntellectualBehaviorStyle object (264)',1,'new through import_export',20,1),(1261,'2023-04-30 12:53:33.816891','265','IntellectualBehaviorStyle object (265)',1,'new through import_export',20,1),(1262,'2023-04-30 12:53:33.823102','266','IntellectualBehaviorStyle object (266)',1,'new through import_export',20,1),(1263,'2023-04-30 12:53:33.828987','267','IntellectualBehaviorStyle object (267)',1,'new through import_export',20,1),(1264,'2023-04-30 12:53:33.835792','268','IntellectualBehaviorStyle object (268)',1,'new through import_export',20,1),(1265,'2023-04-30 12:53:33.841849','269','IntellectualBehaviorStyle object (269)',1,'new through import_export',20,1),(1266,'2023-04-30 12:53:33.847973','270','IntellectualBehaviorStyle object (270)',1,'new through import_export',20,1),(1267,'2023-04-30 12:53:33.854173','271','IntellectualBehaviorStyle object (271)',1,'new through import_export',20,1),(1268,'2023-04-30 12:53:33.864171','272','IntellectualBehaviorStyle object (272)',1,'new through import_export',20,1),(1269,'2023-04-30 12:53:33.870178','273','IntellectualBehaviorStyle object (273)',1,'new through import_export',20,1),(1270,'2023-04-30 12:53:33.875726','274','IntellectualBehaviorStyle object (274)',1,'new through import_export',20,1),(1271,'2023-04-30 12:53:33.881545','275','IntellectualBehaviorStyle object (275)',1,'new through import_export',20,1),(1272,'2023-04-30 12:53:33.887221','276','IntellectualBehaviorStyle object (276)',1,'new through import_export',20,1),(1273,'2023-04-30 12:53:33.893144','277','IntellectualBehaviorStyle object (277)',1,'new through import_export',20,1),(1274,'2023-04-30 12:53:33.898971','262','IntellectualBehaviorStyle object (262)',2,'update through import_export',20,1),(1275,'2023-04-30 12:53:33.905370','278','IntellectualBehaviorStyle object (278)',1,'new through import_export',20,1),(1276,'2023-04-30 12:53:33.913368','279','IntellectualBehaviorStyle object (279)',1,'new through import_export',20,1),(1277,'2023-04-30 12:53:33.919480','280','IntellectualBehaviorStyle object (280)',1,'new through import_export',20,1),(1278,'2023-04-30 12:53:33.925498','281','IntellectualBehaviorStyle object (281)',1,'new through import_export',20,1),(1279,'2023-04-30 12:53:33.931303','282','IntellectualBehaviorStyle object (282)',1,'new through import_export',20,1),(1280,'2023-04-30 12:53:33.939389','283','IntellectualBehaviorStyle object (283)',1,'new through import_export',20,1),(1281,'2023-04-30 12:53:33.945230','284','IntellectualBehaviorStyle object (284)',1,'new through import_export',20,1),(1282,'2023-04-30 12:53:33.951021','285','IntellectualBehaviorStyle object (285)',1,'new through import_export',20,1),(1283,'2023-04-30 12:53:33.957093','286','IntellectualBehaviorStyle object (286)',1,'new through import_export',20,1),(1284,'2023-04-30 12:53:33.963063','287','IntellectualBehaviorStyle object (287)',1,'new through import_export',20,1),(1285,'2023-04-30 12:53:33.969855','288','IntellectualBehaviorStyle object (288)',1,'new through import_export',20,1),(1286,'2023-04-30 12:53:33.976034','289','IntellectualBehaviorStyle object (289)',1,'new through import_export',20,1),(1287,'2023-04-30 12:53:33.981643','290','IntellectualBehaviorStyle object (290)',1,'new through import_export',20,1),(1288,'2023-04-30 12:53:33.987265','291','IntellectualBehaviorStyle object (291)',1,'new through import_export',20,1),(1289,'2023-04-30 12:53:33.993217','292','IntellectualBehaviorStyle object (292)',1,'new through import_export',20,1),(1290,'2023-04-30 12:53:33.998899','293','IntellectualBehaviorStyle object (293)',1,'new through import_export',20,1),(1291,'2023-04-30 12:53:34.004687','294','IntellectualBehaviorStyle object (294)',1,'new through import_export',20,1),(1292,'2023-04-30 12:53:34.010453','295','IntellectualBehaviorStyle object (295)',1,'new through import_export',20,1),(1293,'2023-04-30 12:53:34.016018','296','IntellectualBehaviorStyle object (296)',1,'new through import_export',20,1),(1294,'2023-04-30 12:53:34.022088','296','IntellectualBehaviorStyle object (296)',2,'update through import_export',20,1),(1295,'2023-04-30 12:53:34.028359','297','IntellectualBehaviorStyle object (297)',1,'new through import_export',20,1),(1296,'2023-04-30 12:53:34.035272','298','IntellectualBehaviorStyle object (298)',1,'new through import_export',20,1),(1297,'2023-04-30 12:53:34.041338','299','IntellectualBehaviorStyle object (299)',1,'new through import_export',20,1),(1298,'2023-04-30 12:53:34.047071','300','IntellectualBehaviorStyle object (300)',1,'new through import_export',20,1),(1299,'2023-04-30 12:53:34.052862','301','IntellectualBehaviorStyle object (301)',1,'new through import_export',20,1),(1300,'2023-04-30 12:53:34.058962','302','IntellectualBehaviorStyle object (302)',1,'new through import_export',20,1),(1301,'2023-04-30 12:53:34.065100','303','IntellectualBehaviorStyle object (303)',1,'new through import_export',20,1),(1302,'2023-04-30 12:53:34.070980','304','IntellectualBehaviorStyle object (304)',1,'new through import_export',20,1),(1303,'2023-04-30 12:53:34.077278','305','IntellectualBehaviorStyle object (305)',1,'new through import_export',20,1),(1304,'2023-04-30 12:53:34.083382','306','IntellectualBehaviorStyle object (306)',1,'new through import_export',20,1),(1305,'2023-04-30 12:53:34.089032','307','IntellectualBehaviorStyle object (307)',1,'new through import_export',20,1),(1306,'2023-04-30 12:53:34.094979','308','IntellectualBehaviorStyle object (308)',1,'new through import_export',20,1),(1307,'2023-04-30 12:53:34.101044','309','IntellectualBehaviorStyle object (309)',1,'new through import_export',20,1),(1308,'2023-04-30 12:53:34.106951','310','IntellectualBehaviorStyle object (310)',1,'new through import_export',20,1),(1309,'2023-04-30 12:53:34.113994','311','IntellectualBehaviorStyle object (311)',1,'new through import_export',20,1),(1310,'2023-04-30 12:53:34.120076','312','IntellectualBehaviorStyle object (312)',1,'new through import_export',20,1),(1311,'2023-04-30 12:53:34.126076','313','IntellectualBehaviorStyle object (313)',1,'new through import_export',20,1),(1312,'2023-04-30 12:53:34.132048','314','IntellectualBehaviorStyle object (314)',1,'new through import_export',20,1),(1313,'2023-04-30 12:53:34.138275','315','IntellectualBehaviorStyle object (315)',1,'new through import_export',20,1),(1314,'2023-04-30 12:53:34.144179','316','IntellectualBehaviorStyle object (316)',1,'new through import_export',20,1),(1315,'2023-04-30 12:53:34.149769','309','IntellectualBehaviorStyle object (309)',2,'update through import_export',20,1),(1316,'2023-04-30 12:53:34.155658','290','IntellectualBehaviorStyle object (290)',2,'update through import_export',20,1),(1317,'2023-04-30 12:53:34.161455','317','IntellectualBehaviorStyle object (317)',1,'new through import_export',20,1),(1318,'2023-04-30 12:53:34.167409','318','IntellectualBehaviorStyle object (318)',1,'new through import_export',20,1),(1319,'2023-04-30 12:53:34.173268','319','IntellectualBehaviorStyle object (319)',1,'new through import_export',20,1),(1320,'2023-04-30 12:53:34.178954','320','IntellectualBehaviorStyle object (320)',1,'new through import_export',20,1),(1321,'2023-04-30 12:53:34.185086','291','IntellectualBehaviorStyle object (291)',2,'update through import_export',20,1),(1322,'2023-04-30 12:53:34.190899','321','IntellectualBehaviorStyle object (321)',1,'new through import_export',20,1),(1323,'2023-04-30 12:53:34.196766','280','IntellectualBehaviorStyle object (280)',2,'update through import_export',20,1),(1324,'2023-04-30 12:53:34.202514','322','IntellectualBehaviorStyle object (322)',1,'new through import_export',20,1),(1325,'2023-04-30 12:53:34.208207','277','IntellectualBehaviorStyle object (277)',2,'update through import_export',20,1),(1326,'2023-04-30 12:53:34.214057','323','IntellectualBehaviorStyle object (323)',1,'new through import_export',20,1),(1327,'2023-04-30 12:53:34.220280','324','IntellectualBehaviorStyle object (324)',1,'new through import_export',20,1),(1328,'2023-04-30 12:53:34.236009','313','IntellectualBehaviorStyle object (313)',2,'update through import_export',20,1),(1329,'2023-04-30 12:53:34.242141','325','IntellectualBehaviorStyle object (325)',1,'new through import_export',20,1),(1330,'2023-04-30 12:53:34.248182','272','IntellectualBehaviorStyle object (272)',2,'update through import_export',20,1),(1331,'2023-04-30 12:53:34.256724','326','IntellectualBehaviorStyle object (326)',1,'new through import_export',20,1),(1332,'2023-04-30 12:53:34.262821','327','IntellectualBehaviorStyle object (327)',1,'new through import_export',20,1),(1333,'2023-04-30 12:53:34.268961','328','IntellectualBehaviorStyle object (328)',1,'new through import_export',20,1),(1334,'2023-04-30 12:53:34.274938','329','IntellectualBehaviorStyle object (329)',1,'new through import_export',20,1),(1335,'2023-04-30 12:53:34.281414','330','IntellectualBehaviorStyle object (330)',1,'new through import_export',20,1),(1336,'2023-04-30 12:53:34.287457','276','IntellectualBehaviorStyle object (276)',2,'update through import_export',20,1),(1337,'2023-04-30 12:53:34.293538','331','IntellectualBehaviorStyle object (331)',1,'new through import_export',20,1),(1338,'2023-04-30 12:53:34.299345','332','IntellectualBehaviorStyle object (332)',1,'new through import_export',20,1),(1339,'2023-04-30 12:53:34.305480','292','IntellectualBehaviorStyle object (292)',2,'update through import_export',20,1),(1340,'2023-04-30 12:53:34.311423','333','IntellectualBehaviorStyle object (333)',1,'new through import_export',20,1),(1341,'2023-04-30 12:53:34.317691','334','IntellectualBehaviorStyle object (334)',1,'new through import_export',20,1),(1342,'2023-04-30 12:53:34.324782','257','IntellectualBehaviorStyle object (257)',2,'update through import_export',20,1),(1343,'2023-04-30 12:53:34.330760','335','IntellectualBehaviorStyle object (335)',1,'new through import_export',20,1),(1344,'2023-04-30 12:53:34.336465','336','IntellectualBehaviorStyle object (336)',1,'new through import_export',20,1),(1345,'2023-04-30 12:53:34.343643','337','IntellectualBehaviorStyle object (337)',1,'new through import_export',20,1),(1346,'2023-04-30 12:53:34.350316','338','IntellectualBehaviorStyle object (338)',1,'new through import_export',20,1),(1347,'2023-04-30 12:53:34.356642','310','IntellectualBehaviorStyle object (310)',2,'update through import_export',20,1),(1348,'2023-04-30 12:53:34.363011','307','IntellectualBehaviorStyle object (307)',2,'update through import_export',20,1),(1349,'2023-04-30 12:53:34.373042','260','IntellectualBehaviorStyle object (260)',2,'update through import_export',20,1),(1350,'2023-04-30 12:53:34.379319','288','IntellectualBehaviorStyle object (288)',2,'update through import_export',20,1),(1351,'2023-04-30 12:53:34.385510','259','IntellectualBehaviorStyle object (259)',2,'update through import_export',20,1),(1352,'2023-04-30 12:53:34.391452','286','IntellectualBehaviorStyle object (286)',2,'update through import_export',20,1),(1353,'2023-04-30 12:53:34.397761','262','IntellectualBehaviorStyle object (262)',2,'update through import_export',20,1),(1354,'2023-04-30 12:53:34.403595','339','IntellectualBehaviorStyle object (339)',1,'new through import_export',20,1),(1355,'2023-04-30 12:53:34.409859','300','IntellectualBehaviorStyle object (300)',2,'update through import_export',20,1),(1356,'2023-04-30 12:53:34.415821','340','IntellectualBehaviorStyle object (340)',1,'new through import_export',20,1),(1357,'2023-04-30 12:53:34.421854','341','IntellectualBehaviorStyle object (341)',1,'new through import_export',20,1),(1358,'2023-04-30 12:53:34.428145','295','IntellectualBehaviorStyle object (295)',2,'update through import_export',20,1),(1359,'2023-04-30 12:53:34.434220','342','IntellectualBehaviorStyle object (342)',1,'new through import_export',20,1),(1360,'2023-04-30 12:53:34.440436','284','IntellectualBehaviorStyle object (284)',2,'update through import_export',20,1),(1361,'2023-04-30 12:53:34.448245','343','IntellectualBehaviorStyle object (343)',1,'new through import_export',20,1),(1362,'2023-04-30 12:53:34.454782','344','IntellectualBehaviorStyle object (344)',1,'new through import_export',20,1),(1363,'2023-04-30 12:53:34.461399','345','IntellectualBehaviorStyle object (345)',1,'new through import_export',20,1),(1364,'2023-04-30 12:53:34.467681','346','IntellectualBehaviorStyle object (346)',1,'new through import_export',20,1),(1365,'2023-04-30 12:53:34.473735','347','IntellectualBehaviorStyle object (347)',1,'new through import_export',20,1),(1366,'2023-04-30 12:53:34.480039','311','IntellectualBehaviorStyle object (311)',2,'update through import_export',20,1),(1367,'2023-04-30 12:53:34.486182','262','IntellectualBehaviorStyle object (262)',2,'update through import_export',20,1),(1368,'2023-04-30 12:53:34.492191','348','IntellectualBehaviorStyle object (348)',1,'new through import_export',20,1),(1369,'2023-04-30 12:53:34.498332','299','IntellectualBehaviorStyle object (299)',2,'update through import_export',20,1),(1370,'2023-04-30 12:53:34.504610','256','IntellectualBehaviorStyle object (256)',2,'update through import_export',20,1),(1371,'2023-04-30 12:53:34.512770','349','IntellectualBehaviorStyle object (349)',1,'new through import_export',20,1),(1372,'2023-04-30 12:53:34.520413','270','IntellectualBehaviorStyle object (270)',2,'update through import_export',20,1),(1373,'2023-04-30 12:53:34.527011','269','IntellectualBehaviorStyle object (269)',2,'update through import_export',20,1),(1374,'2023-04-30 12:53:34.535103','350','IntellectualBehaviorStyle object (350)',1,'new through import_export',20,1),(1375,'2023-04-30 12:53:34.541598','279','IntellectualBehaviorStyle object (279)',2,'update through import_export',20,1),(1376,'2023-04-30 12:53:34.547826','289','IntellectualBehaviorStyle object (289)',2,'update through import_export',20,1),(1377,'2023-04-30 12:53:34.554255','351','IntellectualBehaviorStyle object (351)',1,'new through import_export',20,1),(1378,'2023-04-30 12:53:34.560377','352','IntellectualBehaviorStyle object (352)',1,'new through import_export',20,1),(1379,'2023-04-30 12:53:34.566762','353','IntellectualBehaviorStyle object (353)',1,'new through import_export',20,1),(1380,'2023-04-30 12:53:34.573373','281','IntellectualBehaviorStyle object (281)',2,'update through import_export',20,1),(1381,'2023-04-30 12:53:34.579635','354','IntellectualBehaviorStyle object (354)',1,'new through import_export',20,1),(1382,'2023-04-30 12:53:34.585610','355','IntellectualBehaviorStyle object (355)',1,'new through import_export',20,1),(1383,'2023-04-30 12:53:34.591817','356','IntellectualBehaviorStyle object (356)',1,'new through import_export',20,1),(1384,'2023-04-30 12:53:34.598229','278','IntellectualBehaviorStyle object (278)',2,'update through import_export',20,1),(1385,'2023-04-30 12:53:34.605283','306','IntellectualBehaviorStyle object (306)',2,'update through import_export',20,1),(1386,'2023-04-30 12:53:34.611850','357','IntellectualBehaviorStyle object (357)',1,'new through import_export',20,1),(1387,'2023-04-30 12:53:34.619047','302','IntellectualBehaviorStyle object (302)',2,'update through import_export',20,1),(1388,'2023-04-30 12:53:34.625437','358','IntellectualBehaviorStyle object (358)',1,'new through import_export',20,1),(1389,'2023-04-30 12:53:34.631848','359','IntellectualBehaviorStyle object (359)',1,'new through import_export',20,1),(1390,'2023-04-30 12:53:34.638177','360','IntellectualBehaviorStyle object (360)',1,'new through import_export',20,1),(1391,'2023-04-30 12:53:34.644671','322','IntellectualBehaviorStyle object (322)',2,'update through import_export',20,1),(1392,'2023-04-30 12:53:34.651259','285','IntellectualBehaviorStyle object (285)',2,'update through import_export',20,1),(1393,'2023-04-30 12:53:34.657816','361','IntellectualBehaviorStyle object (361)',1,'new through import_export',20,1),(1394,'2023-04-30 12:53:34.664304','362','IntellectualBehaviorStyle object (362)',1,'new through import_export',20,1),(1395,'2023-04-30 12:53:34.671744','363','IntellectualBehaviorStyle object (363)',1,'new through import_export',20,1),(1396,'2023-04-30 12:53:34.678077','364','IntellectualBehaviorStyle object (364)',1,'new through import_export',20,1),(1397,'2023-04-30 12:53:34.684591','365','IntellectualBehaviorStyle object (365)',1,'new through import_export',20,1),(1398,'2023-04-30 12:53:34.691086','301','IntellectualBehaviorStyle object (301)',2,'update through import_export',20,1),(1399,'2023-04-30 12:53:34.697485','366','IntellectualBehaviorStyle object (366)',1,'new through import_export',20,1),(1400,'2023-04-30 12:53:34.703910','367','IntellectualBehaviorStyle object (367)',1,'new through import_export',20,1),(1401,'2023-04-30 12:53:34.710138','368','IntellectualBehaviorStyle object (368)',1,'new through import_export',20,1),(1402,'2023-04-30 12:53:34.716563','303','IntellectualBehaviorStyle object (303)',2,'update through import_export',20,1),(1403,'2023-04-30 12:53:34.723006','268','IntellectualBehaviorStyle object (268)',2,'update through import_export',20,1),(1404,'2023-04-30 12:53:34.729386','266','IntellectualBehaviorStyle object (266)',2,'update through import_export',20,1),(1405,'2023-04-30 12:53:34.735736','312','IntellectualBehaviorStyle object (312)',2,'update through import_export',20,1),(1406,'2023-04-30 12:53:34.742180','265','IntellectualBehaviorStyle object (265)',2,'update through import_export',20,1),(1407,'2023-04-30 12:53:34.752813','369','IntellectualBehaviorStyle object (369)',1,'new through import_export',20,1),(1408,'2023-04-30 12:53:34.759361','370','IntellectualBehaviorStyle object (370)',1,'new through import_export',20,1),(1409,'2023-04-30 12:53:34.765859','371','IntellectualBehaviorStyle object (371)',1,'new through import_export',20,1),(1410,'2023-04-30 12:53:34.772791','336','IntellectualBehaviorStyle object (336)',2,'update through import_export',20,1),(1411,'2023-04-30 12:53:34.779412','312','IntellectualBehaviorStyle object (312)',2,'update through import_export',20,1),(1412,'2023-04-30 12:53:34.786314','372','IntellectualBehaviorStyle object (372)',1,'new through import_export',20,1),(1413,'2023-04-30 12:53:34.793030','258','IntellectualBehaviorStyle object (258)',2,'update through import_export',20,1),(1414,'2023-04-30 12:53:34.799825','314','IntellectualBehaviorStyle object (314)',2,'update through import_export',20,1),(1415,'2023-04-30 12:53:34.806321','297','IntellectualBehaviorStyle object (297)',2,'update through import_export',20,1),(1416,'2023-04-30 12:53:34.812894','359','IntellectualBehaviorStyle object (359)',2,'update through import_export',20,1),(1417,'2023-04-30 12:53:34.819455','305','IntellectualBehaviorStyle object (305)',2,'update through import_export',20,1),(1418,'2023-04-30 12:53:34.826109','305','IntellectualBehaviorStyle object (305)',2,'update through import_export',20,1),(1419,'2023-04-30 12:53:34.832565','273','IntellectualBehaviorStyle object (273)',2,'update through import_export',20,1),(1420,'2023-04-30 12:53:34.838969','373','IntellectualBehaviorStyle object (373)',1,'new through import_export',20,1),(1421,'2023-04-30 12:53:34.845602','304','IntellectualBehaviorStyle object (304)',2,'update through import_export',20,1),(1422,'2023-04-30 12:53:34.852331','296','IntellectualBehaviorStyle object (296)',2,'update through import_export',20,1),(1423,'2023-04-30 12:53:34.862476','261','IntellectualBehaviorStyle object (261)',2,'update through import_export',20,1),(1424,'2023-04-30 12:53:34.869483','287','IntellectualBehaviorStyle object (287)',2,'update through import_export',20,1),(1425,'2023-04-30 12:53:34.876592','255','IntellectualBehaviorStyle object (255)',2,'update through import_export',20,1),(1426,'2023-04-30 12:53:34.885129','263','IntellectualBehaviorStyle object (263)',2,'update through import_export',20,1),(1427,'2023-04-30 12:53:34.892168','374','IntellectualBehaviorStyle object (374)',1,'new through import_export',20,1),(1428,'2023-04-30 12:53:34.899014','375','IntellectualBehaviorStyle object (375)',1,'new through import_export',20,1),(1429,'2023-04-30 12:53:34.905686','294','IntellectualBehaviorStyle object (294)',2,'update through import_export',20,1),(1430,'2023-04-30 12:53:34.912278','376','IntellectualBehaviorStyle object (376)',1,'new through import_export',20,1),(1431,'2023-04-30 12:53:34.918892','274','IntellectualBehaviorStyle object (274)',2,'update through import_export',20,1),(1432,'2023-04-30 12:53:34.925725','321','IntellectualBehaviorStyle object (321)',2,'update through import_export',20,1),(1433,'2023-04-30 12:53:34.932480','308','IntellectualBehaviorStyle object (308)',2,'update through import_export',20,1),(1434,'2023-04-30 12:53:34.939284','377','IntellectualBehaviorStyle object (377)',1,'new through import_export',20,1),(1435,'2023-04-30 12:53:34.945978','378','IntellectualBehaviorStyle object (378)',1,'new through import_export',20,1),(1436,'2023-04-30 12:53:34.954236','379','IntellectualBehaviorStyle object (379)',1,'new through import_export',20,1),(1437,'2023-04-30 12:53:34.961017','380','IntellectualBehaviorStyle object (380)',1,'new through import_export',20,1),(1438,'2023-04-30 12:53:34.967618','304','IntellectualBehaviorStyle object (304)',2,'update through import_export',20,1),(1439,'2023-04-30 12:53:34.974147','277','IntellectualBehaviorStyle object (277)',2,'update through import_export',20,1),(1440,'2023-04-30 12:53:34.980514','316','IntellectualBehaviorStyle object (316)',2,'update through import_export',20,1),(1441,'2023-04-30 12:53:34.987102','381','IntellectualBehaviorStyle object (381)',1,'new through import_export',20,1),(1442,'2023-04-30 12:53:34.993839','332','IntellectualBehaviorStyle object (332)',2,'update through import_export',20,1),(1443,'2023-05-01 01:50:19.225888','129','IntellectualEmotion object (129)',1,'new through import_export',21,1),(1444,'2023-05-01 01:50:19.233099','130','IntellectualEmotion object (130)',1,'new through import_export',21,1),(1445,'2023-05-01 01:50:19.239820','131','IntellectualEmotion object (131)',1,'new through import_export',21,1),(1446,'2023-05-01 01:50:19.247947','132','IntellectualEmotion object (132)',1,'new through import_export',21,1),(1447,'2023-05-01 01:50:19.254450','133','IntellectualEmotion object (133)',1,'new through import_export',21,1),(1448,'2023-05-01 01:50:19.261309','134','IntellectualEmotion object (134)',1,'new through import_export',21,1),(1449,'2023-05-01 01:50:19.268424','135','IntellectualEmotion object (135)',1,'new through import_export',21,1),(1450,'2023-05-01 01:50:19.275087','136','IntellectualEmotion object (136)',1,'new through import_export',21,1),(1451,'2023-05-01 01:50:19.282361','137','IntellectualEmotion object (137)',1,'new through import_export',21,1),(1452,'2023-05-01 01:50:19.289503','138','IntellectualEmotion object (138)',1,'new through import_export',21,1),(1453,'2023-05-01 01:50:19.297117','139','IntellectualEmotion object (139)',1,'new through import_export',21,1),(1454,'2023-05-01 01:50:19.304869','140','IntellectualEmotion object (140)',1,'new through import_export',21,1),(1455,'2023-05-01 01:50:19.312200','141','IntellectualEmotion object (141)',1,'new through import_export',21,1),(1456,'2023-05-01 01:50:19.319506','142','IntellectualEmotion object (142)',1,'new through import_export',21,1),(1457,'2023-05-01 01:50:19.326612','143','IntellectualEmotion object (143)',1,'new through import_export',21,1),(1458,'2023-05-01 01:50:19.333482','144','IntellectualEmotion object (144)',1,'new through import_export',21,1),(1459,'2023-05-01 01:50:19.340708','145','IntellectualEmotion object (145)',1,'new through import_export',21,1),(1460,'2023-05-01 01:50:19.347787','146','IntellectualEmotion object (146)',1,'new through import_export',21,1),(1461,'2023-05-01 01:50:19.354814','147','IntellectualEmotion object (147)',1,'new through import_export',21,1),(1462,'2023-05-01 01:50:19.361673','148','IntellectualEmotion object (148)',1,'new through import_export',21,1),(1463,'2023-05-01 01:50:19.368993','149','IntellectualEmotion object (149)',1,'new through import_export',21,1),(1464,'2023-05-01 01:50:19.376423','150','IntellectualEmotion object (150)',1,'new through import_export',21,1),(1465,'2023-05-01 01:50:19.401307','151','IntellectualEmotion object (151)',1,'new through import_export',21,1),(1466,'2023-05-01 01:50:19.408062','136','IntellectualEmotion object (136)',2,'update through import_export',21,1),(1467,'2023-05-01 01:50:19.414653','152','IntellectualEmotion object (152)',1,'new through import_export',21,1),(1468,'2023-05-01 01:50:19.421688','153','IntellectualEmotion object (153)',1,'new through import_export',21,1),(1469,'2023-05-01 01:50:19.428199','154','IntellectualEmotion object (154)',1,'new through import_export',21,1),(1470,'2023-05-01 01:50:19.437576','155','IntellectualEmotion object (155)',1,'new through import_export',21,1),(1471,'2023-05-01 01:50:19.445100','156','IntellectualEmotion object (156)',1,'new through import_export',21,1),(1472,'2023-05-01 01:50:19.451793','157','IntellectualEmotion object (157)',1,'new through import_export',21,1),(1473,'2023-05-01 01:50:19.458610','158','IntellectualEmotion object (158)',1,'new through import_export',21,1),(1474,'2023-05-01 01:50:19.465436','159','IntellectualEmotion object (159)',1,'new through import_export',21,1),(1475,'2023-05-01 01:50:19.472709','160','IntellectualEmotion object (160)',1,'new through import_export',21,1),(1476,'2023-05-01 01:50:19.480255','161','IntellectualEmotion object (161)',1,'new through import_export',21,1),(1477,'2023-05-01 01:50:19.489520','162','IntellectualEmotion object (162)',1,'new through import_export',21,1),(1478,'2023-05-01 01:50:19.497008','163','IntellectualEmotion object (163)',1,'new through import_export',21,1),(1479,'2023-05-01 01:50:19.504333','164','IntellectualEmotion object (164)',1,'new through import_export',21,1),(1480,'2023-05-01 01:50:19.512404','165','IntellectualEmotion object (165)',1,'new through import_export',21,1),(1481,'2023-05-01 01:50:19.519453','166','IntellectualEmotion object (166)',1,'new through import_export',21,1),(1482,'2023-05-01 01:50:19.526705','167','IntellectualEmotion object (167)',1,'new through import_export',21,1),(1483,'2023-05-01 01:50:19.533893','168','IntellectualEmotion object (168)',1,'new through import_export',21,1),(1484,'2023-05-01 01:50:19.541247','169','IntellectualEmotion object (169)',1,'new through import_export',21,1),(1485,'2023-05-01 01:50:19.548759','170','IntellectualEmotion object (170)',1,'new through import_export',21,1),(1486,'2023-05-01 01:50:19.556171','170','IntellectualEmotion object (170)',2,'update through import_export',21,1),(1487,'2023-05-01 01:50:19.563471','171','IntellectualEmotion object (171)',1,'new through import_export',21,1),(1488,'2023-05-01 01:50:19.570834','172','IntellectualEmotion object (172)',1,'new through import_export',21,1),(1489,'2023-05-01 01:50:19.577430','173','IntellectualEmotion object (173)',1,'new through import_export',21,1),(1490,'2023-05-01 01:50:19.588469','174','IntellectualEmotion object (174)',1,'new through import_export',21,1),(1491,'2023-05-01 01:50:19.595386','175','IntellectualEmotion object (175)',1,'new through import_export',21,1),(1492,'2023-05-01 01:50:19.602158','176','IntellectualEmotion object (176)',1,'new through import_export',21,1),(1493,'2023-05-01 01:50:19.609484','177','IntellectualEmotion object (177)',1,'new through import_export',21,1),(1494,'2023-05-01 01:50:19.616659','178','IntellectualEmotion object (178)',1,'new through import_export',21,1),(1495,'2023-05-01 01:50:19.626701','179','IntellectualEmotion object (179)',1,'new through import_export',21,1),(1496,'2023-05-01 01:50:19.635749','180','IntellectualEmotion object (180)',1,'new through import_export',21,1),(1497,'2023-05-01 01:50:19.642917','181','IntellectualEmotion object (181)',1,'new through import_export',21,1),(1498,'2023-05-01 01:50:19.649963','182','IntellectualEmotion object (182)',1,'new through import_export',21,1),(1499,'2023-05-01 01:50:19.657085','183','IntellectualEmotion object (183)',1,'new through import_export',21,1),(1500,'2023-05-01 01:50:19.664102','184','IntellectualEmotion object (184)',1,'new through import_export',21,1),(1501,'2023-05-01 01:50:19.671639','185','IntellectualEmotion object (185)',1,'new through import_export',21,1),(1502,'2023-05-01 01:50:19.679092','186','IntellectualEmotion object (186)',1,'new through import_export',21,1),(1503,'2023-05-01 01:50:19.686221','187','IntellectualEmotion object (187)',1,'new through import_export',21,1),(1504,'2023-05-01 01:50:19.693750','188','IntellectualEmotion object (188)',1,'new through import_export',21,1),(1505,'2023-05-01 01:50:19.700975','189','IntellectualEmotion object (189)',1,'new through import_export',21,1),(1506,'2023-05-01 01:50:19.708035','190','IntellectualEmotion object (190)',1,'new through import_export',21,1),(1507,'2023-05-01 01:50:19.715221','183','IntellectualEmotion object (183)',2,'update through import_export',21,1),(1508,'2023-05-01 01:50:19.722391','164','IntellectualEmotion object (164)',2,'update through import_export',21,1),(1509,'2023-05-01 01:50:19.730023','191','IntellectualEmotion object (191)',1,'new through import_export',21,1),(1510,'2023-05-01 01:50:19.737153','192','IntellectualEmotion object (192)',1,'new through import_export',21,1),(1511,'2023-05-01 01:50:19.744089','193','IntellectualEmotion object (193)',1,'new through import_export',21,1),(1512,'2023-05-01 01:50:19.750555','194','IntellectualEmotion object (194)',1,'new through import_export',21,1),(1513,'2023-05-01 01:50:19.757074','165','IntellectualEmotion object (165)',2,'update through import_export',21,1),(1514,'2023-05-01 01:50:19.763648','195','IntellectualEmotion object (195)',1,'new through import_export',21,1),(1515,'2023-05-01 01:50:19.770373','154','IntellectualEmotion object (154)',2,'update through import_export',21,1),(1516,'2023-05-01 01:50:19.776877','196','IntellectualEmotion object (196)',1,'new through import_export',21,1),(1517,'2023-05-01 01:50:19.783250','151','IntellectualEmotion object (151)',2,'update through import_export',21,1),(1518,'2023-05-01 01:50:19.790023','197','IntellectualEmotion object (197)',1,'new through import_export',21,1),(1519,'2023-05-01 01:50:19.796630','198','IntellectualEmotion object (198)',1,'new through import_export',21,1),(1520,'2023-05-01 01:50:19.803301','187','IntellectualEmotion object (187)',2,'update through import_export',21,1),(1521,'2023-05-01 01:50:19.809699','199','IntellectualEmotion object (199)',1,'new through import_export',21,1),(1522,'2023-05-01 01:50:19.816135','146','IntellectualEmotion object (146)',2,'update through import_export',21,1),(1523,'2023-05-01 01:50:19.823293','200','IntellectualEmotion object (200)',1,'new through import_export',21,1),(1524,'2023-05-01 01:50:19.829591','201','IntellectualEmotion object (201)',1,'new through import_export',21,1),(1525,'2023-05-01 01:50:19.835932','202','IntellectualEmotion object (202)',1,'new through import_export',21,1),(1526,'2023-05-01 01:50:19.842096','203','IntellectualEmotion object (203)',1,'new through import_export',21,1),(1527,'2023-05-01 01:50:19.848670','204','IntellectualEmotion object (204)',1,'new through import_export',21,1),(1528,'2023-05-01 01:50:19.855714','150','IntellectualEmotion object (150)',2,'update through import_export',21,1),(1529,'2023-05-01 01:50:19.862672','205','IntellectualEmotion object (205)',1,'new through import_export',21,1),(1530,'2023-05-01 01:50:19.869846','206','IntellectualEmotion object (206)',1,'new through import_export',21,1),(1531,'2023-05-01 01:50:19.876439','166','IntellectualEmotion object (166)',2,'update through import_export',21,1),(1532,'2023-05-01 01:50:19.883508','207','IntellectualEmotion object (207)',1,'new through import_export',21,1),(1533,'2023-05-01 01:50:19.891167','208','IntellectualEmotion object (208)',1,'new through import_export',21,1),(1534,'2023-05-01 01:50:19.899592','131','IntellectualEmotion object (131)',2,'update through import_export',21,1),(1535,'2023-05-01 01:50:19.906673','209','IntellectualEmotion object (209)',1,'new through import_export',21,1),(1536,'2023-05-01 01:50:19.913730','210','IntellectualEmotion object (210)',1,'new through import_export',21,1),(1537,'2023-05-01 01:50:19.920927','211','IntellectualEmotion object (211)',1,'new through import_export',21,1),(1538,'2023-05-01 01:50:19.927986','212','IntellectualEmotion object (212)',1,'new through import_export',21,1),(1539,'2023-05-01 01:50:19.936445','184','IntellectualEmotion object (184)',2,'update through import_export',21,1),(1540,'2023-05-01 01:50:19.943560','181','IntellectualEmotion object (181)',2,'update through import_export',21,1),(1541,'2023-05-01 01:50:19.950783','134','IntellectualEmotion object (134)',2,'update through import_export',21,1),(1542,'2023-05-01 01:50:19.957859','162','IntellectualEmotion object (162)',2,'update through import_export',21,1),(1543,'2023-05-01 01:50:19.964586','133','IntellectualEmotion object (133)',2,'update through import_export',21,1),(1544,'2023-05-01 01:50:19.971194','160','IntellectualEmotion object (160)',2,'update through import_export',21,1),(1545,'2023-05-01 01:50:19.979904','136','IntellectualEmotion object (136)',2,'update through import_export',21,1),(1546,'2023-05-01 01:50:19.986710','213','IntellectualEmotion object (213)',1,'new through import_export',21,1),(1547,'2023-05-01 01:50:19.993615','174','IntellectualEmotion object (174)',2,'update through import_export',21,1),(1548,'2023-05-01 01:50:20.000129','214','IntellectualEmotion object (214)',1,'new through import_export',21,1),(1549,'2023-05-01 01:50:20.006874','215','IntellectualEmotion object (215)',1,'new through import_export',21,1),(1550,'2023-05-01 01:50:20.013619','169','IntellectualEmotion object (169)',2,'update through import_export',21,1),(1551,'2023-05-01 01:50:20.019823','216','IntellectualEmotion object (216)',1,'new through import_export',21,1),(1552,'2023-05-01 01:50:20.026503','158','IntellectualEmotion object (158)',2,'update through import_export',21,1),(1553,'2023-05-01 01:50:20.033554','217','IntellectualEmotion object (217)',1,'new through import_export',21,1),(1554,'2023-05-01 01:50:20.040487','218','IntellectualEmotion object (218)',1,'new through import_export',21,1),(1555,'2023-05-01 01:50:20.047923','219','IntellectualEmotion object (219)',1,'new through import_export',21,1),(1556,'2023-05-01 01:50:20.054921','220','IntellectualEmotion object (220)',1,'new through import_export',21,1),(1557,'2023-05-01 01:50:20.062174','221','IntellectualEmotion object (221)',1,'new through import_export',21,1),(1558,'2023-05-01 01:50:20.068758','185','IntellectualEmotion object (185)',2,'update through import_export',21,1),(1559,'2023-05-01 01:50:20.075827','136','IntellectualEmotion object (136)',2,'update through import_export',21,1),(1560,'2023-05-01 01:50:20.083051','222','IntellectualEmotion object (222)',1,'new through import_export',21,1),(1561,'2023-05-01 01:50:20.091439','173','IntellectualEmotion object (173)',2,'update through import_export',21,1),(1562,'2023-05-01 01:50:20.098917','130','IntellectualEmotion object (130)',2,'update through import_export',21,1),(1563,'2023-05-01 01:50:20.106506','223','IntellectualEmotion object (223)',1,'new through import_export',21,1),(1564,'2023-05-01 01:50:20.113682','144','IntellectualEmotion object (144)',2,'update through import_export',21,1),(1565,'2023-05-01 01:50:20.120873','143','IntellectualEmotion object (143)',2,'update through import_export',21,1),(1566,'2023-05-01 01:50:20.127574','224','IntellectualEmotion object (224)',1,'new through import_export',21,1),(1567,'2023-05-01 01:50:20.136888','153','IntellectualEmotion object (153)',2,'update through import_export',21,1),(1568,'2023-05-01 01:50:20.143682','163','IntellectualEmotion object (163)',2,'update through import_export',21,1),(1569,'2023-05-01 01:50:20.150501','225','IntellectualEmotion object (225)',1,'new through import_export',21,1),(1570,'2023-05-01 01:50:20.157309','226','IntellectualEmotion object (226)',1,'new through import_export',21,1),(1571,'2023-05-01 01:50:20.164263','227','IntellectualEmotion object (227)',1,'new through import_export',21,1),(1572,'2023-05-01 01:50:20.170952','155','IntellectualEmotion object (155)',2,'update through import_export',21,1),(1573,'2023-05-01 01:50:20.177722','228','IntellectualEmotion object (228)',1,'new through import_export',21,1),(1574,'2023-05-01 01:50:20.184454','229','IntellectualEmotion object (229)',1,'new through import_export',21,1),(1575,'2023-05-01 01:50:20.190648','230','IntellectualEmotion object (230)',1,'new through import_export',21,1),(1576,'2023-05-01 01:50:20.196573','152','IntellectualEmotion object (152)',2,'update through import_export',21,1),(1577,'2023-05-01 01:50:20.202671','180','IntellectualEmotion object (180)',2,'update through import_export',21,1),(1578,'2023-05-01 01:50:20.208991','231','IntellectualEmotion object (231)',1,'new through import_export',21,1),(1579,'2023-05-01 01:50:20.215045','176','IntellectualEmotion object (176)',2,'update through import_export',21,1),(1580,'2023-05-01 01:50:20.221384','232','IntellectualEmotion object (232)',1,'new through import_export',21,1),(1581,'2023-05-01 01:50:20.229754','233','IntellectualEmotion object (233)',1,'new through import_export',21,1),(1582,'2023-05-01 01:50:20.236194','234','IntellectualEmotion object (234)',1,'new through import_export',21,1),(1583,'2023-05-01 01:50:20.242867','196','IntellectualEmotion object (196)',2,'update through import_export',21,1),(1584,'2023-05-01 01:50:20.249229','159','IntellectualEmotion object (159)',2,'update through import_export',21,1),(1585,'2023-05-01 01:50:20.255512','235','IntellectualEmotion object (235)',1,'new through import_export',21,1),(1586,'2023-05-01 01:50:20.261664','236','IntellectualEmotion object (236)',1,'new through import_export',21,1),(1587,'2023-05-01 01:50:20.268119','237','IntellectualEmotion object (237)',1,'new through import_export',21,1),(1588,'2023-05-01 01:50:20.274543','238','IntellectualEmotion object (238)',1,'new through import_export',21,1),(1589,'2023-05-01 01:50:20.280476','239','IntellectualEmotion object (239)',1,'new through import_export',21,1),(1590,'2023-05-01 01:50:20.286206','175','IntellectualEmotion object (175)',2,'update through import_export',21,1),(1591,'2023-05-01 01:50:20.291984','240','IntellectualEmotion object (240)',1,'new through import_export',21,1),(1592,'2023-05-01 01:50:20.297888','241','IntellectualEmotion object (241)',1,'new through import_export',21,1),(1593,'2023-05-01 01:50:20.303847','242','IntellectualEmotion object (242)',1,'new through import_export',21,1),(1594,'2023-05-01 01:50:20.309764','177','IntellectualEmotion object (177)',2,'update through import_export',21,1),(1595,'2023-05-01 01:50:20.318119','142','IntellectualEmotion object (142)',2,'update through import_export',21,1),(1596,'2023-05-01 01:50:20.324319','140','IntellectualEmotion object (140)',2,'update through import_export',21,1),(1597,'2023-05-01 01:50:20.330464','186','IntellectualEmotion object (186)',2,'update through import_export',21,1),(1598,'2023-05-01 01:50:20.336793','139','IntellectualEmotion object (139)',2,'update through import_export',21,1),(1599,'2023-05-01 01:50:20.342892','243','IntellectualEmotion object (243)',1,'new through import_export',21,1),(1600,'2023-05-01 01:50:20.348914','244','IntellectualEmotion object (244)',1,'new through import_export',21,1),(1601,'2023-05-01 01:50:20.354807','245','IntellectualEmotion object (245)',1,'new through import_export',21,1),(1602,'2023-05-01 01:50:20.360588','210','IntellectualEmotion object (210)',2,'update through import_export',21,1),(1603,'2023-05-01 01:50:20.366385','186','IntellectualEmotion object (186)',2,'update through import_export',21,1),(1604,'2023-05-01 01:50:20.371983','246','IntellectualEmotion object (246)',1,'new through import_export',21,1),(1605,'2023-05-01 01:50:20.377935','132','IntellectualEmotion object (132)',2,'update through import_export',21,1),(1606,'2023-05-01 01:50:20.383952','188','IntellectualEmotion object (188)',2,'update through import_export',21,1),(1607,'2023-05-01 01:50:20.390250','171','IntellectualEmotion object (171)',2,'update through import_export',21,1),(1608,'2023-05-01 01:50:20.396387','233','IntellectualEmotion object (233)',2,'update through import_export',21,1),(1609,'2023-05-01 01:50:20.410436','179','IntellectualEmotion object (179)',2,'update through import_export',21,1),(1610,'2023-05-01 01:50:20.416183','179','IntellectualEmotion object (179)',2,'update through import_export',21,1),(1611,'2023-05-01 01:50:20.422047','147','IntellectualEmotion object (147)',2,'update through import_export',21,1),(1612,'2023-05-01 01:50:20.428439','247','IntellectualEmotion object (247)',1,'new through import_export',21,1),(1613,'2023-05-01 01:50:20.434586','178','IntellectualEmotion object (178)',2,'update through import_export',21,1),(1614,'2023-05-01 01:50:20.446539','170','IntellectualEmotion object (170)',2,'update through import_export',21,1),(1615,'2023-05-01 01:50:20.453316','135','IntellectualEmotion object (135)',2,'update through import_export',21,1),(1616,'2023-05-01 01:50:20.460449','161','IntellectualEmotion object (161)',2,'update through import_export',21,1),(1617,'2023-05-01 01:50:20.467403','129','IntellectualEmotion object (129)',2,'update through import_export',21,1),(1618,'2023-05-01 01:50:20.473874','137','IntellectualEmotion object (137)',2,'update through import_export',21,1),(1619,'2023-05-01 01:50:20.480312','248','IntellectualEmotion object (248)',1,'new through import_export',21,1),(1620,'2023-05-01 01:50:20.486599','249','IntellectualEmotion object (249)',1,'new through import_export',21,1),(1621,'2023-05-01 01:50:20.492713','168','IntellectualEmotion object (168)',2,'update through import_export',21,1),(1622,'2023-05-01 01:50:20.498823','250','IntellectualEmotion object (250)',1,'new through import_export',21,1),(1623,'2023-05-01 01:50:20.505248','148','IntellectualEmotion object (148)',2,'update through import_export',21,1),(1624,'2023-05-01 01:50:20.511487','195','IntellectualEmotion object (195)',2,'update through import_export',21,1),(1625,'2023-05-01 01:50:20.517924','182','IntellectualEmotion object (182)',2,'update through import_export',21,1),(1626,'2023-05-01 01:50:20.524209','251','IntellectualEmotion object (251)',1,'new through import_export',21,1),(1627,'2023-05-01 01:50:20.530369','252','IntellectualEmotion object (252)',1,'new through import_export',21,1),(1628,'2023-05-01 01:50:20.537247','253','IntellectualEmotion object (253)',1,'new through import_export',21,1),(1629,'2023-05-01 01:50:20.543558','254','IntellectualEmotion object (254)',1,'new through import_export',21,1),(1630,'2023-05-01 01:50:20.549446','178','IntellectualEmotion object (178)',2,'update through import_export',21,1),(1631,'2023-05-01 01:50:20.555409','151','IntellectualEmotion object (151)',2,'update through import_export',21,1),(1632,'2023-05-01 01:50:20.561111','190','IntellectualEmotion object (190)',2,'update through import_export',21,1),(1633,'2023-05-01 01:50:20.566801','255','IntellectualEmotion object (255)',1,'new through import_export',21,1),(1634,'2023-05-01 01:50:20.572532','206','IntellectualEmotion object (206)',2,'update through import_export',21,1),(1635,'2023-05-01 02:00:19.965006','1','PaperGrade object (1)',1,'[{\"added\": {}}]',28,1),(1636,'2023-05-01 02:01:13.971604','2','PaperGrade object (2)',1,'[{\"added\": {}}]',28,1),(1637,'2023-05-01 02:02:13.367186','3','PaperGrade object (3)',1,'[{\"added\": {}}]',28,1),(1638,'2023-05-01 02:07:38.855064','4','PaperGrade object (4)',1,'[{\"added\": {}}]',28,1),(1639,'2023-05-01 02:08:16.864484','5','PaperGrade object (5)',1,'[{\"added\": {}}]',28,1),(1640,'2023-05-01 02:08:39.238030','6','PaperGrade object (6)',1,'[{\"added\": {}}]',28,1),(1641,'2023-05-01 02:09:07.979688','7','PaperGrade object (7)',1,'[{\"added\": {}}]',28,1),(1642,'2023-05-01 02:09:31.341699','8','PaperGrade object (8)',1,'[{\"added\": {}}]',28,1),(1643,'2023-05-01 02:09:48.491503','8','PaperGrade object (8)',2,'[{\"changed\": {\"fields\": [\"\\u4e2d\\u6587\\u540d\"]}}]',28,1),(1644,'2023-05-01 02:10:06.938154','9','PaperGrade object (9)',1,'[{\"added\": {}}]',28,1),(1645,'2023-05-01 02:10:16.297462','8','PaperGrade object (8)',2,'[{\"changed\": {\"fields\": [\"\\u6ee1\\u5206\"]}}]',28,1),(1646,'2023-05-01 02:10:36.883523','10','PaperGrade object (10)',1,'[{\"added\": {}}]',28,1),(1647,'2023-05-01 02:21:55.647310','49','Art object (49)',1,'[{\"added\": {}}]',13,1),(1648,'2023-05-01 02:22:39.044864','1','MoralityMedal object (1)',1,'[{\"added\": {}}]',27,1),(1649,'2023-05-01 02:25:44.419073','11','Morality object (11)',1,'[{\"added\": {}}]',26,1),(1650,'2023-05-01 02:26:40.445318','307','Labor object (307)',1,'[{\"added\": {}}]',25,1),(1651,'2023-05-01 02:27:04.717704','205','IntellectualBehaviorAttitudeMethod object (205)',1,'[{\"added\": {}}]',19,1),(1652,'2023-05-01 02:27:29.086141','9','IntellectualAbilityCreate object (9)',1,'[{\"added\": {}}]',18,1),(1653,'2023-05-01 02:28:05.746686','7','IntellectualAbilityColloquial object (7)',1,'[{\"added\": {}}]',17,1),(1654,'2023-05-01 02:35:40.944455','50','Art object (50)',1,'[{\"added\": {}}]',13,1),(1655,'2023-05-04 10:03:09.573310','7','IntellectualAbilityColloquial object (7)',2,'[{\"changed\": {\"fields\": [\"\\u503e\\u542c\\u7684\\u6001\\u5ea6\\u4e0e\\u4e60\\u60ef2\", \"\\u795e\\u6001\\u4e0e\\u80a2\\u4f53\\u52a8\\u4f5c1\", \"\\u8bf4\\u8bdd\\u7684\\u6001\\u5ea6\\u4e0e\\u4e60\\u60ef1\", \"\\u8bf4\\u8bdd\\u7684\\u6001\\u5ea6\\u4e0e\\u4e60\\u60ef2\", \"\\u4ea4\\u9645\\u4e92\\u52a8\\u7684\\u6001\\u5ea6\\u4e0e\\u4e60\\u60ef1\"]}}]',17,1),(1656,'2023-05-04 10:13:04.608536','9','IntellectualAbilityCreate object (9)',2,'[{\"changed\": {\"fields\": [\"\\u8bfe\\u5802\\u4e92\\u52a8\\u79ef\\u6781\\u6027\", \"\\u8bfe\\u5802\\u4e92\\u52a8\\u8d28\\u91cf\", \"\\u6210\\u7ee9\\u6210\\u7ee9\", \"\\u6c42\\u77e5\\u6b32\", \"\\u60f3\\u8c61\\u529b\", \"\\u603b\\u5206\"]}}]',18,1),(1657,'2023-05-04 10:15:59.536496','11','Morality object (11)',2,'[{\"changed\": {\"fields\": [\"\\u4e2d\\u534e\\u6c11\\u65cf\\u5171\\u540c\\u4f53\\u610f\\u8bc6\", \"\\u6811\\u7acb\\u6a21\\u8303\", \"\\u5347\\u56fd\\u65d7\\u4eea\\u5f0f\", \"\\u4e49\\u52a1\\u52b3\\u52a8\", \"\\u4e50\\u4e8e\\u52a9\\u4eba\", \"\\u62fe\\u91d1\\u4e0d\\u6627\", \"\\u6392\\u961f\\u7eaa\\u5f8b\", \"\\u505a\\u773c\\u4fdd\\u5065\\u64cd\\u3001\\u8bfe\\u95f4\\u64cd\", \"\\u5c0a\\u656c\\u5e08\\u957f\", \"\\u6362\\u4f4d\\u601d\\u8003\\u3001\\u4f53\\u6064\\u540c\\u5b66\\u3001\\u5e2e\\u52a9\\u4ed6\\u4eba\"]}}]',26,1),(1658,'2023-05-04 10:16:55.056184','11','Morality object (11)',2,'[{\"changed\": {\"fields\": [\"\\u6811\\u7acb\\u6a21\\u8303\"]}}]',26,1),(1659,'2023-05-04 13:26:45.240345','307','Labor object (307)',2,'[{\"changed\": {\"fields\": [\"\\u53c2\\u4e0e\\u5b66\\u6821\\u7ec4\\u7ec7\\u7684\\u79cb\\u5b63\\u793e\\u4f1a\\u5b9e\\u8df5\\u6d3b\\u52a8\"]}}]',25,1),(1660,'2023-05-04 13:27:01.166414','307','Labor object (307)',2,'[{\"changed\": {\"fields\": [\"\\u53c2\\u4e0e\\u5b66\\u6821\\u7ec4\\u7ec7\\u7684\\u79cb\\u5b63\\u793e\\u4f1a\\u5b9e\\u8df5\\u6d3b\\u52a8\"]}}]',25,1),(1661,'2023-05-04 13:27:12.784564','307','Labor object (307)',2,'[{\"changed\": {\"fields\": [\"\\u53c2\\u4e0e\\u5b66\\u6821\\u7ec4\\u7ec7\\u7684\\u6625\\u5b63\\u793e\\u4f1a\\u5b9e\\u8df5\\u6d3b\\u52a8\"]}}]',25,1),(1662,'2023-05-04 13:27:24.551692','307','Labor object (307)',2,'[{\"changed\": {\"fields\": [\"\\u53c2\\u4e0e\\u5b66\\u6821\\u7ec4\\u7ec7\\u7684\\u6625\\u5b63\\u793e\\u4f1a\\u5b9e\\u8df5\\u6d3b\\u52a8\", \"\\u53c2\\u4e0e\\u5b66\\u6821\\u7ec4\\u7ec7\\u7684\\u79cb\\u5b63\\u793e\\u4f1a\\u5b9e\\u8df5\\u6d3b\\u52a8\"]}}]',25,1),(1663,'2023-05-04 13:27:38.498758','307','Labor object (307)',2,'[{\"changed\": {\"fields\": [\"\\u5c0a\\u91cd\\u52b3\\u52a8\\u6210\\u679c\", \"\\u7406\\u89e3\\u52b3\\u52a8\\u610f\\u4e49\"]}}]',25,1),(1664,'2023-05-04 13:27:51.239161','307','Labor object (307)',2,'[{\"changed\": {\"fields\": [\"\\u5bb6\\u5ead\\u52b3\\u52a8\\u65f6\\u95f4\"]}}]',25,1),(1665,'2023-05-04 13:28:05.528535','307','Labor object (307)',2,'[{\"changed\": {\"fields\": [\"\\u8bfe\\u5802\\u4e92\\u52a8\\u8d28\\u91cf\\uff08\\u5b66\\u751f\\u63d0\\u51fa\\u95ee\\u9898\\u7684\\u77e5\\u8bc6\\u6df1\\u5ea6\\uff09\"]}}]',25,1),(1666,'2023-05-04 13:28:19.089643','307','Labor object (307)',2,'[{\"changed\": {\"fields\": [\"\\u8bfe\\u5802\\u4e92\\u52a8\\u79ef\\u6781\\u6027\"]}}]',25,1),(1667,'2023-05-18 14:08:18.004328','5','PaperGrade object (5)',2,'[{\"changed\": {\"fields\": [\"\\u6ee1\\u5206\"]}}]',28,1);
/*!40000 ALTER TABLE `django_admin_log` ENABLE KEYS */;
UNLOCK TABLES;

--
-- Table structure for table `django_content_type`
--

DROP TABLE IF EXISTS `django_content_type`;
/*!40101 SET @saved_cs_client     = @@character_set_client */;
/*!40101 SET character_set_client = utf8 */;
CREATE TABLE `django_content_type` (
  `id` int(11) NOT NULL AUTO_INCREMENT,
  `app_label` varchar(100) NOT NULL,
  `model` varchar(100) NOT NULL,
  PRIMARY KEY (`id`),
  UNIQUE KEY `django_content_type_app_label_model_76bd3d3b_uniq` (`app_label`,`model`)
) ENGINE=InnoDB AUTO_INCREMENT=33 DEFAULT CHARSET=utf8mb4;
/*!40101 SET character_set_client = @saved_cs_client */;

--
-- Dumping data for table `django_content_type`
--

LOCK TABLES `django_content_type` WRITE;
/*!40000 ALTER TABLE `django_content_type` DISABLE KEYS */;
INSERT INTO `django_content_type` VALUES (1,'admin','logentry'),(3,'auth','group'),(2,'auth','permission'),(4,'auth','user'),(5,'contenttypes','contenttype'),(13,'learn','art'),(14,'learn','artmusic'),(15,'learn','classnumber'),(16,'learn','importtest'),(17,'learn','intellectualabilitycolloquial'),(18,'learn','intellectualabilitycreate'),(19,'learn','intellectualbehaviorattitudemethod'),(20,'learn','intellectualbehaviorstyle'),(21,'learn','intellectualemotion'),(22,'learn','intellectualknowledge'),(23,'learn','knowledge2bigdatacognitionmap'),(24,'learn','knowledgecognition'),(25,'learn','labor'),(26,'learn','morality'),(27,'learn','moralitymedal'),(28,'learn','papergrade'),(29,'learn','person'),(30,'learn','sport'),(31,'learn','sportdata'),(32,'learn','sportdatagrade'),(7,'resource','cognitionmap'),(8,'resource','question'),(10,'resource','questionanswer'),(11,'resource','questionapptype'),(12,'resource','questionchoice'),(9,'resource','question_cognition_map'),(6,'sessions','session');
/*!40000 ALTER TABLE `django_content_type` ENABLE KEYS */;
UNLOCK TABLES;

--
-- Table structure for table `django_migrations`
--

DROP TABLE IF EXISTS `django_migrations`;
/*!40101 SET @saved_cs_client     = @@character_set_client */;
/*!40101 SET character_set_client = utf8 */;
CREATE TABLE `django_migrations` (
  `id` bigint(20) NOT NULL AUTO_INCREMENT,
  `app` varchar(255) NOT NULL,
  `name` varchar(255) NOT NULL,
  `applied` datetime(6) NOT NULL,
  PRIMARY KEY (`id`)
) ENGINE=InnoDB AUTO_INCREMENT=21 DEFAULT CHARSET=utf8mb4;
/*!40101 SET character_set_client = @saved_cs_client */;

--
-- Dumping data for table `django_migrations`
--

LOCK TABLES `django_migrations` WRITE;
/*!40000 ALTER TABLE `django_migrations` DISABLE KEYS */;
INSERT INTO `django_migrations` VALUES (1,'contenttypes','0001_initial','2023-04-28 01:46:21.268899'),(2,'auth','0001_initial','2023-04-28 01:46:22.572794'),(3,'admin','0001_initial','2023-04-28 01:46:22.877362'),(4,'admin','0002_logentry_remove_auto_add','2023-04-28 01:46:22.895858'),(5,'admin','0003_logentry_add_action_flag_choices','2023-04-28 01:46:22.908642'),(6,'contenttypes','0002_remove_content_type_name','2023-04-28 01:46:23.093767'),(7,'auth','0002_alter_permission_name_max_length','2023-04-28 01:46:23.226783'),(8,'auth','0003_alter_user_email_max_length','2023-04-28 01:46:23.260192'),(9,'auth','0004_alter_user_username_opts','2023-04-28 01:46:23.276230'),(10,'auth','0005_alter_user_last_login_null','2023-04-28 01:46:23.386765'),(11,'auth','0006_require_contenttypes_0002','2023-04-28 01:46:23.395099'),(12,'auth','0007_alter_validators_add_error_messages','2023-04-28 01:46:23.412333'),(13,'auth','0008_alter_user_username_max_length','2023-04-28 01:46:23.532367'),(14,'auth','0009_alter_user_last_name_max_length','2023-04-28 01:46:23.664080'),(15,'auth','0010_alter_group_name_max_length','2023-04-28 01:46:23.696518'),(16,'auth','0011_update_proxy_permissions','2023-04-28 01:46:23.712403'),(17,'auth','0012_alter_user_first_name_max_length','2023-04-28 01:46:23.836475'),(18,'learn','0001_initial','2023-04-28 01:46:25.037533'),(19,'resource','0001_initial','2023-04-28 01:46:25.053456'),(20,'sessions','0001_initial','2023-04-28 01:46:25.159421');
/*!40000 ALTER TABLE `django_migrations` ENABLE KEYS */;
UNLOCK TABLES;

--
-- Table structure for table `django_session`
--

DROP TABLE IF EXISTS `django_session`;
/*!40101 SET @saved_cs_client     = @@character_set_client */;
/*!40101 SET character_set_client = utf8 */;
CREATE TABLE `django_session` (
  `session_key` varchar(40) NOT NULL,
  `session_data` longtext NOT NULL,
  `expire_date` datetime(6) NOT NULL,
  PRIMARY KEY (`session_key`),
  KEY `django_session_expire_date_a5c62663` (`expire_date`)
) ENGINE=InnoDB DEFAULT CHARSET=utf8mb4;
/*!40101 SET character_set_client = @saved_cs_client */;

--
-- Dumping data for table `django_session`
--

LOCK TABLES `django_session` WRITE;
/*!40000 ALTER TABLE `django_session` DISABLE KEYS */;
INSERT INTO `django_session` VALUES ('0eap6kwqxu9plzx48h80ls1ilmbncok1','.eJxVjDsOwjAQBe_iGln-rZWlpOcM1q7XwgFkS_lUEXcnkVJA-2bmbSrRutS0zmVKo6irsuryuzHlV2kHkCe1R9e5t2UaWR-KPums713K-3a6fweV5rrXAA4Deuc9cTSQgR06yhAjCFNhJ95aiZkHNIMPoQTAwh7MjhEB1ecLwHk3Fg:1psHQx:5YJnHiw2zNxQ57gRJIQngUlP5QeBx5jfsDazCLLCQ1M','2023-05-12 06:18:19.277098'),('2uufljxehjxfgz9ohcfsijce2gzco3dx','.eJxVjDsOwjAQBe_iGln-rZWlpOcM1q7XwgFkS_lUEXcnkVJA-2bmbSrRutS0zmVKo6irsuryuzHlV2kHkCe1R9e5t2UaWR-KPums713K-3a6fweV5rrXAA4Deuc9cTSQgR06yhAjCFNhJ95aiZkHNIMPoQTAwh7MjhEB1ecLwHk3Fg:1ptr19:IVRHLL1UVc_Fo9RYjKYSlxgSBWD3T9BZz_rQ-2JAob0','2023-05-16 14:30:11.705217'),('5ew60wt4ogp4fzdnltsoid11ftp4z26c','.eJxVjDsOwjAQBe_iGln-rZWlpOcM1q7XwgFkS_lUEXcnkVJA-2bmbSrRutS0zmVKo6irsuryuzHlV2kHkCe1R9e5t2UaWR-KPums713K-3a6fweV5rrXAA4Deuc9cTSQgR06yhAjCFNhJ95aiZkHNIMPoQTAwh7MjhEB1ecLwHk3Fg:1psDW8:-DyQTKqBj-JnQ6hd7gzitiMypBuyEQXcShE_BrZFyWE','2023-05-12 02:07:24.205104'),('7zmxk3bn87viec932hyuzk81keohqnpk','.eJxVjDsOwjAQBe_iGln-rZWlpOcM1q7XwgFkS_lUEXcnkVJA-2bmbSrRutS0zmVKo6irsuryuzHlV2kHkCe1R9e5t2UaWR-KPums713K-3a6fweV5rrXAA4Deuc9cTSQgR06yhAjCFNhJ95aiZkHNIMPoQTAwh7MjhEB1ecLwHk3Fg:1ptr19:IVRHLL1UVc_Fo9RYjKYSlxgSBWD3T9BZz_rQ-2JAob0','2023-05-16 14:30:11.592234'),('avh3ei7y4tctsihygrz8r56xrsloxwxi','.eJxVjDsOwjAQBe_iGln-rZWlpOcM1q7XwgFkS_lUEXcnkVJA-2bmbSrRutS0zmVKo6irsuryuzHlV2kHkCe1R9e5t2UaWR-KPums713K-3a6fweV5rrXAA4Deuc9cTSQgR06yhAjCFNhJ95aiZkHNIMPoQTAwh7MjhEB1ecLwHk3Fg:1pzcNV:76KROsvZ3oFFfO0UnQNQzacmdb6HYV4oD9KBV9B51So','2023-06-01 12:05:05.445568'),('dpg2nsb7ajdvq9nrao334zany7iabrrx','.eJxVjDsOwjAQBe_iGln-rZWlpOcM1q7XwgFkS_lUEXcnkVJA-2bmbSrRutS0zmVKo6irsuryuzHlV2kHkCe1R9e5t2UaWR-KPums713K-3a6fweV5rrXAA4Deuc9cTSQgR06yhAjCFNhJ95aiZkHNIMPoQTAwh7MjhEB1ecLwHk3Fg:1pzcNV:76KROsvZ3oFFfO0UnQNQzacmdb6HYV4oD9KBV9B51So','2023-06-01 12:05:05.582715'),('q2qnr0841c4vufyndxv8ecuxt3dgbch5','.eJxVjDsOwjAQBe_iGln-rZWlpOcM1q7XwgFkS_lUEXcnkVJA-2bmbSrRutS0zmVKo6irsuryuzHlV2kHkCe1R9e5t2UaWR-KPums713K-3a6fweV5rrXAA4Deuc9cTSQgR06yhAjCFNhJ95aiZkHNIMPoQTAwh7MjhEB1ecLwHk3Fg:1py0Uq:nq8UyWol3LjLKB1f56Ym6VhnXMTIOjJCHrlICAgVjmI','2023-05-28 01:26:00.068513'),('rgglgyajtj8usslq4szadlwylew2kh3o','.eJxVjDsOwjAQBe_iGln-rZWlpOcM1q7XwgFkS_lUEXcnkVJA-2bmbSrRutS0zmVKo6irsuryuzHlV2kHkCe1R9e5t2UaWR-KPums713K-3a6fweV5rrXAA4Deuc9cTSQgR06yhAjCFNhJ95aiZkHNIMPoQTAwh7MjhEB1ecLwHk3Fg:1q5Pmj:qFW4C9O2Lp55Cmyn-DxrMgDGWvNw_ED5bjUjPBp_2XU','2023-06-17 11:51:05.042928');
/*!40000 ALTER TABLE `django_session` ENABLE KEYS */;
UNLOCK TABLES;

--
-- Table structure for table `importtest`
--

DROP TABLE IF EXISTS `importtest`;
/*!40101 SET @saved_cs_client     = @@character_set_client */;
/*!40101 SET character_set_client = utf8 */;
CREATE TABLE `importtest` (
  `id` bigint(20) NOT NULL AUTO_INCREMENT,
  `name` int(11) DEFAULT NULL,
  `aiguo` int(11) DEFAULT NULL,
  `shaoxiandui` int(11) DEFAULT NULL,
  `jijixing` int(11) DEFAULT NULL,
  `xiaoguixiaoji` int(11) DEFAULT NULL,
  `fazhi` int(11) DEFAULT NULL,
  `banganbu` int(11) DEFAULT NULL,
  `jitihuodong` int(11) DEFAULT NULL,
  `leyuzhuren` int(11) DEFAULT NULL,
  `wenmingxiaoyuan` int(11) DEFAULT NULL,
  `juzhiwenming` int(11) DEFAULT NULL,
  `yibiao` int(11) DEFAULT NULL,
  `zuobi` int(11) DEFAULT NULL,
  `chidao` int(11) DEFAULT NULL,
  `chengshi` int(11) DEFAULT NULL,
  `zushi` int(11) DEFAULT NULL,
  `zhiri` int(11) DEFAULT NULL,
  `shijian` int(11) DEFAULT NULL,
  `zongfen` int(11) DEFAULT NULL,
  PRIMARY KEY (`id`)
) ENGINE=InnoDB DEFAULT CHARSET=utf8mb4;
/*!40101 SET character_set_client = @saved_cs_client */;

--
-- Dumping data for table `importtest`
--

LOCK TABLES `importtest` WRITE;
/*!40000 ALTER TABLE `importtest` DISABLE KEYS */;
/*!40000 ALTER TABLE `importtest` ENABLE KEYS */;
UNLOCK TABLES;

--
-- Table structure for table `intellectual_ability_colloquial`
--

DROP TABLE IF EXISTS `intellectual_ability_colloquial`;
/*!40101 SET @saved_cs_client     = @@character_set_client */;
/*!40101 SET character_set_client = utf8 */;
CREATE TABLE `intellectual_ability_colloquial` (
  `id` bigint(20) NOT NULL AUTO_INCREMENT,
  `pid` varchar(254) NOT NULL,
  `classes` varchar(254) DEFAULT NULL,
  `express` int(11) DEFAULT NULL,
  `listen1` int(11) DEFAULT NULL,
  `listen2` int(11) DEFAULT NULL,
  `action1` int(11) DEFAULT NULL,
  `action2` int(11) DEFAULT NULL,
  `talk1` int(11) DEFAULT NULL,
  `talk2` int(11) DEFAULT NULL,
  `communicate1` int(11) DEFAULT NULL,
  `communicate2` int(11) DEFAULT NULL,
  `literacy1` int(11) DEFAULT NULL,
  `literacy2` int(11) DEFAULT NULL,
  `voice1` int(11) DEFAULT NULL,
  `voice2` int(11) DEFAULT NULL,
  `voice3` int(11) DEFAULT NULL,
  `vocabulary1` int(11) DEFAULT NULL,
  `vocabulary2` int(11) DEFAULT NULL,
  `vocabulary3` int(11) DEFAULT NULL,
  `grammar1` int(11) DEFAULT NULL,
  `grammar2` int(11) DEFAULT NULL,
  `grammar3` int(11) DEFAULT NULL,
  `oral1` int(11) DEFAULT NULL,
  `oral2` int(11) DEFAULT NULL,
  `oral3` int(11) DEFAULT NULL,
  `oral4` int(11) DEFAULT NULL,
  `oral5` int(11) DEFAULT NULL,
  `score` int(11) DEFAULT NULL,
  PRIMARY KEY (`id`)
) ENGINE=InnoDB AUTO_INCREMENT=8 DEFAULT CHARSET=utf8mb4;
/*!40101 SET character_set_client = @saved_cs_client */;

--
-- Dumping data for table `intellectual_ability_colloquial`
--

LOCK TABLES `intellectual_ability_colloquial` WRITE;
/*!40000 ALTER TABLE `intellectual_ability_colloquial` DISABLE KEYS */;
INSERT INTO `intellectual_ability_colloquial` VALUES (4,'dsbxxws05','6-3',1,2,1,2,2,3,2,3,2,2,3,2,1,2,1,2,3,2,2,3,2,2,2,3,2,73),(5,'dsbxxww49','6-5',1,1,1,2,1,1,2,2,1,1,1,1,1,1,1,1,1,1,1,2,1,1,1,1,1,96),(6,'dsbxxwy09','6-1',1,1,1,2,1,1,1,1,2,1,1,1,1,1,1,1,1,1,2,1,1,1,1,1,1,97),(7,'dsbxxwy12','6-1',3,3,2,1,3,5,2,5,3,3,3,3,3,3,3,3,3,3,3,3,3,3,3,3,3,75);
/*!40000 ALTER TABLE `intellectual_ability_colloquial` ENABLE KEYS */;
UNLOCK TABLES;

--
-- Table structure for table `intellectual_ability_create`
--

DROP TABLE IF EXISTS `intellectual_ability_create`;
/*!40101 SET @saved_cs_client     = @@character_set_client */;
/*!40101 SET character_set_client = utf8 */;
CREATE TABLE `intellectual_ability_create` (
  `id` bigint(20) NOT NULL AUTO_INCREMENT,
  `pid` varchar(254) NOT NULL,
  `classes` varchar(254) DEFAULT NULL,
  `like_positivity` int(11) DEFAULT NULL,
  `like_answer` int(11) DEFAULT NULL,
  `like_grade` int(11) DEFAULT NULL,
  `create_think` int(11) DEFAULT NULL,
  `create_know` int(11) DEFAULT NULL,
  `create_imagine` int(11) DEFAULT NULL,
  `score` int(11) DEFAULT NULL,
  PRIMARY KEY (`id`)
) ENGINE=InnoDB AUTO_INCREMENT=10 DEFAULT CHARSET=utf8mb4;
/*!40101 SET character_set_client = @saved_cs_client */;

--
-- Dumping data for table `intellectual_ability_create`
--

LOCK TABLES `intellectual_ability_create` WRITE;
/*!40000 ALTER TABLE `intellectual_ability_create` DISABLE KEYS */;
INSERT INTO `intellectual_ability_create` VALUES (5,'dsbxxws37','6-3',2,2,1,2,3,3,17),(6,'dsbxxww41','6-5',1,1,1,1,2,1,23),(7,'dsbxxwy20','6-1',1,1,1,1,2,2,22),(8,'dsbxxwy36','6-1',1,1,1,1,2,2,22),(9,'dsbxxwy12','6-1',3,2,2,1,3,2,13);
/*!40000 ALTER TABLE `intellectual_ability_create` ENABLE KEYS */;
UNLOCK TABLES;

--
-- Table structure for table `intellectual_behavior_attitude_method`
--

DROP TABLE IF EXISTS `intellectual_behavior_attitude_method`;
/*!40101 SET @saved_cs_client     = @@character_set_client */;
/*!40101 SET character_set_client = utf8 */;
CREATE TABLE `intellectual_behavior_attitude_method` (
  `id` bigint(20) NOT NULL AUTO_INCREMENT,
  `pid` varchar(254) NOT NULL,
  `classes` varchar(254) DEFAULT NULL,
  `attitude_state` int(11) DEFAULT NULL,
  `attitude_homework` int(11) DEFAULT NULL,
  `attitude_study` int(11) DEFAULT NULL,
  `method_read` int(11) DEFAULT NULL,
  `method_think` int(11) DEFAULT NULL,
  `method_sum` int(11) DEFAULT NULL,
  `score` int(11) DEFAULT NULL,
  PRIMARY KEY (`id`)
) ENGINE=InnoDB AUTO_INCREMENT=206 DEFAULT CHARSET=utf8mb4;
/*!40101 SET character_set_client = @saved_cs_client */;

--
-- Dumping data for table `intellectual_behavior_attitude_method`
--

LOCK TABLES `intellectual_behavior_attitude_method` WRITE;
/*!40000 ALTER TABLE `intellectual_behavior_attitude_method` DISABLE KEYS */;
INSERT INTO `intellectual_behavior_attitude_method` VALUES (103,'dsbxxww49','6-5',1,1,1,1,1,1,24),(104,'dsbxxws43','6-3',1,1,1,4,1,1,21),(105,'dsbxxwy09','6-1',1,1,1,1,1,1,24),(106,'dsbxxwy17','6-1',1,1,1,1,1,1,24),(107,'dsbxxwy20','6-1',1,1,1,1,1,1,24),(108,'dsbxxwy36','6-1',1,1,1,1,1,1,24),(109,'dsbxxww06','6-5',2,1,1,1,1,1,23),(110,'dsbxxww07','6-5',2,1,1,1,1,1,23),(111,'dsbxxww09','6-5',2,1,1,1,1,1,23),(112,'dsbxxww10','6-5',2,1,1,1,1,1,23),(113,'dsbxxww12','6-5',2,1,1,1,1,1,23),(114,'dsbxxww13','6-5',2,1,1,1,1,1,23),(115,'dsbxxww14','6-5',2,1,1,1,1,1,23),(116,'dsbxxww15','6-5',2,1,1,1,1,1,23),(117,'dsbxxww16','6-5',2,1,1,1,1,1,23),(118,'dsbxxww17','6-5',2,1,1,1,1,1,23),(119,'dsbxxww23','6-5',2,1,1,1,1,1,23),(120,'dsbxxww24','6-5',2,1,1,1,1,1,23),(121,'dsbxxww26','6-5',2,1,1,1,1,1,23),(122,'dsbxxww27','6-5',2,1,1,1,1,1,23),(123,'dsbxxww30','6-5',2,1,1,1,1,1,23),(124,'dsbxxww34','6-5',2,1,1,1,1,1,23),(125,'dsbxxww41','6-5',2,1,1,1,1,1,23),(126,'dsbxxww45','6-5',2,1,1,1,1,1,23),(127,'dsbxxww01','6-5',2,2,2,3,2,3,16),(128,'dsbxxww02','6-5',2,2,2,3,2,3,16),(129,'dsbxxww03','6-5',2,2,2,3,2,3,16),(130,'dsbxxww05','6-5',2,2,2,3,2,3,16),(131,'dsbxxww11','6-5',2,2,2,3,2,3,16),(132,'dsbxxww18','6-5',2,2,2,3,2,3,16),(133,'dsbxxww19','6-5',2,2,2,3,2,3,16),(134,'dsbxxww20','6-5',2,2,2,3,2,3,16),(135,'dsbxxww21','6-5',2,2,2,3,2,3,16),(136,'dsbxxww25','6-5',2,2,2,3,2,3,16),(137,'dsbxxww29','6-5',2,2,2,3,2,3,16),(138,'dsbxxww35','6-5',2,2,2,3,2,3,16),(139,'dsbxxww36','6-5',2,2,2,3,2,3,16),(140,'dsbxxww37','6-5',2,2,2,3,2,3,16),(141,'dsbxxww39','6-5',2,2,2,3,2,3,16),(142,'dsbxxww40','6-5',2,2,2,3,2,3,16),(143,'dsbxxww42','6-5',2,2,2,3,2,3,16),(144,'dsbxxww44','6-5',2,2,2,3,2,3,16),(145,'dsbxxww46','6-5',2,2,2,3,2,3,16),(146,'dsbxxww47','6-5',2,2,2,3,2,3,16),(147,'dsbxxww48','6-5',2,2,2,3,2,3,16),(148,'dsbxxww04','6-5',3,3,3,3,3,3,12),(149,'dsbxxww08','6-5',3,3,3,3,3,3,12),(150,'dsbxxww22','6-5',3,3,3,3,3,3,12),(151,'dsbxxww28','6-5',3,3,3,3,3,3,12),(152,'dsbxxww31','6-5',3,3,3,3,3,3,12),(153,'dsbxxww32','6-5',3,3,3,3,3,3,12),(154,'dsbxxww33','6-5',3,3,3,3,3,3,12),(155,'dsbxxww38','6-5',3,3,3,3,3,3,12),(156,'dsbxxws01','6-3',1,1,1,4,1,1,21),(157,'dsbxxws02','6-3',1,1,1,4,1,1,21),(158,'dsbxxws03','6-3',1,1,1,4,1,1,21),(159,'dsbxxws05','6-3',1,1,1,4,1,1,21),(160,'dsbxxws06','6-3',1,1,1,4,1,1,21),(161,'dsbxxws09','6-3',1,1,1,4,1,1,21),(162,'dsbxxws10','6-3',1,1,1,4,1,1,21),(163,'dsbxxws12','6-3',1,1,1,4,1,1,21),(164,'dsbxxws13','6-3',1,1,1,4,1,1,21),(165,'dsbxxws16','6-3',1,1,1,4,1,1,21),(166,'dsbxxws18','6-3',1,1,1,4,1,1,21),(167,'dsbxxws20','6-3',1,1,1,4,1,1,21),(168,'dsbxxws21','6-3',1,1,1,4,1,1,21),(169,'dsbxxws22','6-3',2,2,2,2,2,2,18),(170,'dsbxxws24','6-3',1,1,1,4,1,1,21),(171,'dsbxxws25','6-3',1,1,1,4,1,1,21),(172,'dsbxxws30','6-3',1,1,1,4,1,1,21),(173,'dsbxxws32','6-3',1,1,1,4,1,1,21),(174,'dsbxxws35','6-3',1,1,1,4,1,1,21),(175,'dsbxxws36','6-3',1,1,1,4,1,1,21),(176,'dsbxxws37','6-3',1,1,1,4,1,1,21),(177,'dsbxxws48','6-3',1,1,1,4,1,1,21),(178,'dsbxxws04','6-3',2,2,2,2,2,2,18),(179,'dsbxxws07','6-3',2,2,2,2,2,2,18),(180,'dsbxxws08','6-3',2,2,2,2,2,2,18),(181,'dsbxxws11','6-3',2,2,2,2,2,2,18),(182,'dsbxxws14','6-3',2,2,2,2,2,2,18),(183,'dsbxxws15','6-3',2,2,2,2,2,2,18),(184,'dsbxxws17','6-3',2,2,2,2,2,2,18),(185,'dsbxxws19','6-3',2,2,2,2,2,2,18),(186,'dsbxxws26','6-3',2,2,2,2,2,2,18),(187,'dsbxxws27','6-3',2,2,2,2,2,2,18),(188,'dsbxxws28','6-3',2,2,2,2,2,2,18),(189,'dsbxxws29','6-3',2,2,2,2,2,2,18),(190,'dsbxxws31','6-3',2,2,2,2,2,2,18),(191,'dsbxxws33','6-3',2,2,2,2,2,2,18),(192,'dsbxxws34','6-3',2,2,2,2,2,2,18),(193,'dsbxxws38','6-3',2,2,2,2,2,2,18),(194,'dsbxxws39','6-3',2,2,2,2,2,2,18),(195,'dsbxxws41','6-3',2,2,2,2,2,2,18),(196,'dsbxxws42','6-3',2,2,2,2,2,2,18),(197,'dsbxxws44','6-3',2,2,2,2,2,2,18),(198,'dsbxxws45','6-3',2,2,2,2,2,2,18),(199,'dsbxxws46','6-3',2,2,2,2,2,2,18),(200,'dsbxxws47','6-3',2,2,2,2,2,2,18),(201,'dsbxxws49','6-3',2,2,2,2,2,2,18),(202,'dsbxxws50','6-3',2,2,2,2,2,2,18),(203,'dsbxxws23','6-3',4,3,4,3,3,4,9),(204,'dsbxxws40','6-3',4,3,4,3,3,4,9),(205,'dsbxxwy12','6-1',2,2,2,2,2,2,12);
/*!40000 ALTER TABLE `intellectual_behavior_attitude_method` ENABLE KEYS */;
UNLOCK TABLES;

--
-- Table structure for table `intellectual_behavior_style`
--

DROP TABLE IF EXISTS `intellectual_behavior_style`;
/*!40101 SET @saved_cs_client     = @@character_set_client */;
/*!40101 SET character_set_client = utf8 */;
CREATE TABLE `intellectual_behavior_style` (
  `id` bigint(20) NOT NULL AUTO_INCREMENT,
  `pid` varchar(254) NOT NULL,
  `classes` varchar(254) DEFAULT NULL,
  `info_knowledge` int(11) DEFAULT NULL,
  `info_homework` int(11) DEFAULT NULL,
  `info_way` int(11) DEFAULT NULL,
  `feel_read` int(11) DEFAULT NULL,
  `feel_idea` int(11) DEFAULT NULL,
  `feel_way` int(11) DEFAULT NULL,
  `input_course` int(11) DEFAULT NULL,
  `input_read` int(11) DEFAULT NULL,
  `input_memory` int(11) DEFAULT NULL,
  `understand_question` int(11) DEFAULT NULL,
  `understand_story` int(11) DEFAULT NULL,
  `understand_way` int(11) DEFAULT NULL,
  `score` int(11) DEFAULT NULL,
  PRIMARY KEY (`id`)
) ENGINE=InnoDB AUTO_INCREMENT=382 DEFAULT CHARSET=utf8mb4;
/*!40101 SET character_set_client = @saved_cs_client */;

--
-- Dumping data for table `intellectual_behavior_style`
--

LOCK TABLES `intellectual_behavior_style` WRITE;
/*!40000 ALTER TABLE `intellectual_behavior_style` DISABLE KEYS */;
INSERT INTO `intellectual_behavior_style` VALUES (255,'dsbxxws37','6-3',2,2,2,2,2,2,1,1,2,1,1,2,20),(256,'dsbxxws25','6-3',1,2,2,2,1,1,2,2,2,1,1,1,18),(257,'dsbxxws02','6-3',2,2,1,1,1,2,1,2,2,1,1,2,18),(258,'dsbxxws09','6-3',2,2,1,2,2,2,1,1,2,1,1,1,18),(259,'dsbxxwy46','6-1',1,2,1,2,1,2,2,2,2,1,1,2,19),(260,'dsbxxwy27','6-1',2,2,2,1,1,2,2,1,2,1,1,2,19),(261,'dsbxxwy51','6-1',1,1,1,1,1,2,1,1,2,1,2,1,15),(262,'dsbxxwy36','6-1',2,2,1,2,1,2,1,2,2,1,1,1,18),(263,'dsbxxwy12','6-1',2,2,2,2,2,2,1,2,2,1,1,1,20),(264,'dsbxxwy07','6-1',2,2,1,1,2,2,1,1,1,1,1,2,17),(265,'dsbxxwy02','6-1',1,1,1,2,2,1,1,2,2,1,1,2,17),(266,'dsbxxwy24','6-1',1,1,1,1,1,2,1,2,2,1,1,1,15),(267,'dsbxxwy06','6-1',2,2,1,2,2,2,1,2,2,1,1,2,20),(268,'dsbxxwy43','6-1',2,1,1,2,1,2,2,1,1,1,1,2,17),(269,'dsbxxwy52','6-1',1,2,1,2,2,2,1,1,2,1,1,2,18),(270,'dsbxxwy34','6-1',2,1,2,2,1,2,2,2,2,2,2,2,22),(271,'dsbxxwy49','6-1',2,1,1,1,2,2,1,1,2,1,1,1,16),(272,'dsbxxws01','6-3',2,2,2,2,2,2,1,1,2,2,1,2,21),(273,'dsbxxws27','6-3',2,2,1,1,1,2,1,1,2,1,1,2,17),(274,'dsbxxws31','6-3',1,2,1,1,2,2,1,1,2,1,2,2,18),(275,'dsbxxwy01','6-1',1,2,2,2,1,2,1,2,2,1,1,2,19),(276,'dsbxxws04','6-3',1,1,1,1,2,2,1,1,1,2,2,2,17),(277,'dsbxxws42','6-3',1,2,2,2,1,2,1,2,2,1,1,1,18),(278,'dsbxxws45','6-3',2,1,1,1,2,1,1,1,1,1,1,1,14),(279,'dsbxxws06','6-3',2,2,2,2,2,2,2,1,2,1,1,2,21),(280,'dsbxxws33','6-3',2,2,2,1,1,1,1,1,2,1,1,1,16),(281,'dsbxxws28','6-3',2,2,2,1,2,2,1,1,1,2,1,2,19),(282,'dsbxxwy35','6-1',2,2,1,2,2,2,1,1,1,1,1,2,18),(283,'dsbxxwy08','6-1',2,2,2,2,1,2,1,2,2,2,2,1,21),(284,'dsbxxwy33','6-1',1,2,1,1,1,2,2,1,2,1,2,2,18),(285,'dsbxxws12','6-3',1,2,2,2,1,2,1,1,1,1,1,2,17),(286,'dsbxxws43','6-3',2,2,2,1,1,2,1,1,2,1,1,2,18),(287,'dsbxxws15','6-3',1,2,1,1,1,2,1,2,1,1,1,1,15),(288,'dsbxxwy23','6-1',2,2,1,2,1,2,1,2,2,1,1,1,18),(289,'dsbxxws03','6-3',2,2,1,2,2,2,1,1,2,1,1,1,18),(290,'dsbxxws05','6-3',2,2,2,2,1,2,1,1,2,1,2,1,19),(291,'dsbxxws24','6-3',2,1,2,2,2,1,1,2,2,1,1,1,18),(292,'dsbxxws36','6-3',2,2,2,2,1,2,1,2,2,1,1,1,19),(293,'dsbxxws41','6-3',1,2,1,1,1,2,1,1,1,1,1,1,14),(294,'dsbxxwy42','6-1',2,2,1,1,1,2,2,2,2,1,2,2,20),(295,'dsbxxws32','6-3',2,2,2,1,2,2,1,1,1,1,1,1,17),(296,'dsbxxwy37','6-1',1,2,2,1,1,2,2,2,2,2,2,2,21),(297,'dsbxxws16','6-3',2,2,2,2,2,1,1,1,2,2,2,2,21),(298,'dsbxxwy41','6-1',2,2,1,1,2,2,2,1,2,1,1,2,19),(299,'dsbxxwy48','6-1',1,2,1,2,1,1,1,1,2,1,2,1,16),(300,'dsbxxwy22','6-1',1,1,1,1,1,2,1,1,1,2,2,1,15),(301,'dsbxxws11','6-3',2,2,1,2,1,2,1,1,2,1,1,1,17),(302,'dsbxxws35','6-3',1,1,1,1,1,2,1,1,1,1,1,1,13),(303,'dsbxxws46','6-3',2,2,2,1,1,1,1,1,2,2,1,2,18),(304,'dsbxxws44','6-3',2,1,1,1,1,2,1,1,2,1,1,2,16),(305,'dsbxxwy45','6-1',1,1,1,2,1,2,1,1,1,1,1,1,14),(306,'dsbxxws23','6-3',1,2,1,1,1,2,1,1,1,1,1,2,15),(307,'dsbxxwy10','6-1',1,1,1,1,1,1,1,1,2,1,2,2,15),(308,'dsbxxws10','6-3',2,1,1,1,1,2,1,2,1,2,1,2,17),(309,'dsbxxws22','6-3',1,1,1,1,2,2,1,1,1,1,1,1,14),(310,'dsbxxws49','6-3',2,2,2,1,2,1,1,1,1,1,1,1,16),(311,'dsbxxwy32','6-1',2,2,1,1,2,2,1,2,1,1,2,1,18),(312,'dsbxxwy38','6-1',1,1,2,1,2,1,1,2,1,1,1,2,16),(313,'dsbxxws19','6-3',2,2,1,1,2,2,1,2,1,2,1,2,19),(314,'dsbxxws40','6-3',1,1,1,2,1,2,2,2,1,1,1,1,16),(315,'dsbxxwy29','6-1',2,2,2,2,2,2,1,2,1,1,1,2,20),(316,'dsbxxws17','6-3',2,1,1,1,2,2,1,2,2,2,2,1,19),(317,'dsbxxww15','6-5',2,2,2,1,2,2,1,2,2,1,1,1,19),(318,'dsbxxww08','6-5',2,2,2,2,1,2,1,2,2,1,1,1,19),(319,'dsbxxww17','6-5',2,2,1,1,1,2,1,1,2,1,1,1,16),(320,'dsbxxww25','6-5',1,2,1,2,1,2,1,1,2,1,1,2,17),(321,'dsbxxww50','6-5',1,2,1,2,2,2,2,2,2,1,1,1,19),(322,'dsbxxww22','6-5',1,1,1,1,2,1,1,1,2,2,1,2,16),(323,'dsbxxww35','6-5',2,2,2,2,2,2,1,1,2,1,1,1,19),(324,'dsbxxww49','6-5',2,2,2,1,2,2,1,2,2,1,1,2,20),(325,'dsbxxww37','6-5',2,2,2,2,1,2,1,1,1,1,1,1,17),(326,'dsbxxww20','6-5',2,2,2,2,1,1,2,1,2,1,2,2,20),(327,'dsbxxww42','6-5',2,2,1,2,2,2,1,1,2,1,1,1,18),(328,'dsbxxww32','6-5',1,2,1,1,2,2,1,1,1,1,1,1,15),(329,'dsbxxww24','6-5',1,2,2,2,1,2,1,1,2,1,1,2,18),(330,'dsbxxws20','6-3',2,2,2,2,1,2,1,2,1,1,1,1,18),(331,'dsbxxww06','6-5',2,2,2,2,2,2,2,1,2,1,1,1,20),(332,'dsbxxww33','6-5',1,2,1,1,2,2,1,1,2,1,1,2,17),(333,'dsbxxww19','6-5',2,2,2,1,2,2,2,2,2,2,1,1,21),(334,'dsbxxww18','6-5',1,1,1,1,1,1,2,1,2,1,2,2,16),(335,'dsbxxww34','6-5',2,2,2,1,2,2,1,1,1,1,2,1,18),(336,'dsbxxww27','6-5',2,1,2,2,1,1,1,2,1,1,2,1,17),(337,'dsbxxww26','6-5',2,2,1,2,1,2,2,1,1,2,1,1,18),(338,'dsbxxww07','6-5',2,2,1,2,2,2,1,2,2,1,1,1,19),(339,'dsbxxwy25','6-1',1,2,1,1,1,2,1,1,2,1,1,1,15),(340,'dsbxxww01','6-5',1,1,1,2,1,2,1,1,2,1,2,1,16),(341,'dsbxxwy40','6-1',2,2,2,2,1,2,2,1,1,1,1,2,19),(342,'dsbxxwy17','6-1',2,2,2,2,1,2,1,2,2,1,1,1,19),(343,'dsbxxww14','6-5',1,2,1,2,2,2,1,2,1,1,1,1,17),(344,'dsbxxww40','6-5',2,1,1,2,1,2,1,1,1,1,1,2,16),(345,'dsbxxww11','6-5',2,2,2,2,2,1,1,2,1,1,2,2,20),(346,'dsbxxws39','6-3',2,1,2,1,1,2,2,2,2,1,1,1,18),(347,'dsbxxww28','6-5',2,1,2,1,2,1,2,1,1,2,2,1,18),(348,'dsbxxww43','6-5',1,1,1,1,1,2,1,1,2,1,1,2,15),(349,'dsbxxwy15','6-1',1,1,2,1,1,2,1,1,1,2,1,2,16),(350,'dsbxxww02','6-5',2,2,1,1,2,1,1,1,1,1,1,1,15),(351,'dsbxxww38','6-5',2,2,1,1,1,2,2,2,1,1,1,2,18),(352,'dsbxxww46','6-5',2,2,1,2,2,2,1,1,1,1,1,2,18),(353,'dsbxxww10','6-5',2,1,2,1,1,2,1,1,1,2,1,1,16),(354,'dsbxxww04','6-5',2,2,1,2,2,2,1,1,2,1,2,2,20),(355,'dsbxxww47','6-5',2,2,2,2,2,2,1,2,2,1,1,2,21),(356,'dsbxxww12','6-5',2,2,2,2,1,2,1,2,2,1,1,1,19),(357,'dsbxxww29','6-5',1,1,2,1,1,1,1,2,2,1,1,2,16),(358,'dsbxxww30','6-5',2,2,2,2,2,2,2,1,2,2,2,2,23),(359,'dsbxxww13','6-5',2,2,2,2,1,2,1,2,1,2,1,1,19),(360,'dsbxxws34','6-3',2,2,1,1,1,2,1,1,2,1,1,1,16),(361,'dsbxxww41','6-5',2,1,1,2,2,2,1,2,1,1,1,2,18),(362,'dsbxxww48','6-5',2,2,2,2,2,2,1,2,2,1,2,2,22),(363,'dsbxxww44','6-5',1,2,1,2,2,2,1,1,2,1,1,2,18),(364,'dsbxxww39','6-5',2,2,1,1,2,1,2,2,2,1,1,2,19),(365,'dsbxxww36','6-5',2,2,2,2,2,2,1,1,2,1,2,1,20),(366,'dsbxxww09','6-5',2,1,2,1,1,1,1,1,2,1,1,2,16),(367,'dsbxxww23','6-5',2,2,1,1,1,2,1,1,2,1,1,1,16),(368,'dsbxxww16','6-5',1,2,1,1,1,2,1,1,2,1,1,2,16),(369,'dsbxxww21','6-5',1,2,2,1,1,1,1,2,2,1,1,1,16),(370,'dsbxxww31','6-5',2,2,1,1,1,2,1,1,1,1,1,2,16),(371,'dsbxxws26','6-3',2,2,2,2,1,2,2,1,2,1,1,1,19),(372,'dsbxxww03','6-5',2,2,1,1,1,2,1,2,2,1,1,1,17),(373,'dsbxxww05','6-5',1,2,1,1,2,2,1,1,2,1,1,1,16),(374,'dsbxxww45','6-5',1,2,1,2,1,2,1,1,2,1,1,2,17),(375,'dsbxxws47','6-3',2,2,1,2,1,2,1,2,2,1,1,1,18),(376,'dsbxxws07','6-3',2,2,1,2,2,2,1,2,2,1,1,1,19),(377,'dsbxxws29','6-3',2,2,1,1,2,2,1,1,1,1,1,2,17),(378,'dsbxxwy14','6-1',2,2,1,2,2,2,1,1,2,1,1,2,19),(379,'dsbxxwy20','6-1',2,2,1,1,2,2,1,1,2,1,2,2,19),(380,'dsbxxwy26','6-1',2,2,1,1,2,2,1,2,2,1,2,1,19),(381,'dsbxxwy39','6-1',2,1,2,1,1,2,1,1,1,2,1,2,17);
/*!40000 ALTER TABLE `intellectual_behavior_style` ENABLE KEYS */;
UNLOCK TABLES;

--
-- Table structure for table `intellectual_emotion`
--

DROP TABLE IF EXISTS `intellectual_emotion`;
/*!40101 SET @saved_cs_client     = @@character_set_client */;
/*!40101 SET character_set_client = utf8 */;
CREATE TABLE `intellectual_emotion` (
  `id` bigint(20) NOT NULL AUTO_INCREMENT,
  `pid` varchar(254) NOT NULL,
  `classes` varchar(254) DEFAULT NULL,
  `anxiety` int(11) DEFAULT NULL,
  `coursework` int(11) DEFAULT NULL,
  `pressure_grade` int(11) DEFAULT NULL,
  `pressure_environment` int(11) DEFAULT NULL,
  `pressure_setback` int(11) DEFAULT NULL,
  `pressure_compete` int(11) DEFAULT NULL,
  `confidence` int(11) DEFAULT NULL,
  `pleasure` int(11) DEFAULT NULL,
  `motive_in` int(11) DEFAULT NULL,
  `motive_out` int(11) DEFAULT NULL,
  `motive_learn` int(11) DEFAULT NULL,
  `motive_self` int(11) DEFAULT NULL,
  `score` int(11) DEFAULT NULL,
  PRIMARY KEY (`id`)
) ENGINE=InnoDB AUTO_INCREMENT=256 DEFAULT CHARSET=utf8mb4;
/*!40101 SET character_set_client = @saved_cs_client */;

--
-- Dumping data for table `intellectual_emotion`
--

LOCK TABLES `intellectual_emotion` WRITE;
/*!40000 ALTER TABLE `intellectual_emotion` DISABLE KEYS */;
INSERT INTO `intellectual_emotion` VALUES (129,'dsbxxws37','6-3',1,1,1,1,1,1,5,5,5,5,5,5,36),(130,'dsbxxws25','6-3',4,3,5,3,2,5,2,3,3,5,4,3,42),(131,'dsbxxws02','6-3',3,2,5,1,1,1,5,5,5,3,5,5,41),(132,'dsbxxws09','6-3',3,1,5,1,1,5,5,5,5,5,5,5,46),(133,'dsbxxwy46','6-1',5,5,5,2,1,1,3,5,5,1,3,3,39),(134,'dsbxxwy27','6-1',3,3,3,3,3,3,3,3,3,3,3,3,36),(135,'dsbxxwy51','6-1',1,1,4,1,1,5,5,5,5,5,5,5,43),(136,'dsbxxwy36','6-1',1,3,5,1,1,1,5,5,5,5,5,5,42),(137,'dsbxxwy12','6-1',1,1,4,1,1,3,5,5,5,5,5,5,41),(138,'dsbxxwy07','6-1',3,1,3,1,1,3,2,5,5,2,5,3,34),(139,'dsbxxwy02','6-1',4,1,1,3,1,5,3,4,4,4,4,3,37),(140,'dsbxxwy24','6-1',4,3,3,2,1,5,3,4,4,4,5,4,42),(141,'dsbxxwy06','6-1',1,1,1,3,3,5,5,5,5,3,5,5,42),(142,'dsbxxwy43','6-1',5,3,3,2,1,1,3,3,4,3,4,3,35),(143,'dsbxxwy52','6-1',3,3,3,3,1,2,3,3,3,3,3,3,33),(144,'dsbxxwy34','6-1',5,3,5,1,1,1,5,5,5,5,5,5,46),(145,'dsbxxwy49','6-1',5,3,5,1,1,5,5,5,5,5,4,5,49),(146,'dsbxxws01','6-3',5,5,5,1,1,3,5,5,5,4,5,5,49),(147,'dsbxxws27','6-3',5,3,3,3,1,5,5,5,5,5,5,5,50),(148,'dsbxxws31','6-3',4,2,4,2,2,3,4,4,3,3,5,5,41),(149,'dsbxxwy01','6-1',1,1,5,1,1,5,3,5,5,5,5,5,42),(150,'dsbxxws04','6-3',5,5,3,2,3,5,5,3,3,1,3,2,40),(151,'dsbxxws42','6-3',4,3,5,1,3,5,4,4,5,5,5,4,48),(152,'dsbxxws45','6-3',3,3,5,1,1,5,5,5,5,3,5,5,46),(153,'dsbxxws06','6-3',3,3,4,3,2,5,5,4,4,4,4,4,45),(154,'dsbxxws33','6-3',3,3,4,3,1,4,4,4,4,4,4,5,43),(155,'dsbxxws28','6-3',3,3,3,3,3,3,3,3,3,3,3,3,36),(156,'dsbxxwy35','6-1',2,2,1,1,1,1,4,3,5,3,4,5,32),(157,'dsbxxwy08','6-1',3,4,5,3,3,5,5,3,4,4,5,5,49),(158,'dsbxxwy33','6-1',3,3,1,3,2,3,3,5,3,3,3,3,35),(159,'dsbxxws12','6-3',1,2,5,3,1,5,5,5,5,5,5,5,47),(160,'dsbxxws43','6-3',2,1,3,2,4,4,5,5,5,3,5,5,44),(161,'dsbxxws15','6-3',5,3,3,3,3,4,3,5,5,5,5,3,47),(162,'dsbxxwy23','6-1',1,1,1,1,1,5,4,4,5,4,4,4,35),(163,'dsbxxws03','6-3',5,1,2,1,1,5,5,5,5,5,5,5,45),(164,'dsbxxws05','6-3',2,2,5,1,1,1,5,5,5,5,5,5,42),(165,'dsbxxws24','6-3',1,1,1,3,2,3,5,5,5,5,4,5,40),(166,'dsbxxws36','6-3',2,2,4,1,1,1,4,4,4,4,5,4,36),(167,'dsbxxws41','6-3',2,2,4,3,2,4,4,4,4,4,4,4,41),(168,'dsbxxwy42','6-1',5,2,5,2,1,5,5,5,5,5,5,5,50),(169,'dsbxxws32','6-3',3,2,3,2,1,3,5,5,5,3,5,5,42),(170,'dsbxxwy37','6-1',3,3,2,3,1,4,3,4,5,4,5,4,41),(171,'dsbxxws16','6-3',4,2,4,2,2,4,3,4,4,4,5,3,41),(172,'dsbxxwy41','6-1',3,3,4,1,1,5,5,5,5,5,5,5,47),(173,'dsbxxwy48','6-1',4,3,4,2,2,2,4,4,4,4,5,5,43),(174,'dsbxxwy22','6-1',3,1,3,1,1,4,3,3,4,3,3,3,32),(175,'dsbxxws11','6-3',3,3,5,2,2,3,5,5,5,5,5,5,48),(176,'dsbxxws35','6-3',1,2,3,1,1,5,5,5,4,5,5,5,42),(177,'dsbxxws46','6-3',4,4,5,4,3,5,5,5,5,5,5,5,55),(178,'dsbxxws44','6-3',4,3,3,2,1,4,3,5,5,3,4,3,40),(179,'dsbxxwy45','6-1',1,1,1,1,1,1,5,5,5,5,5,5,36),(180,'dsbxxws23','6-3',3,3,1,5,1,3,3,3,3,4,3,4,36),(181,'dsbxxwy10','6-1',5,3,4,3,2,3,5,5,5,5,5,5,50),(182,'dsbxxws10','6-3',3,1,5,2,1,5,5,5,4,3,5,5,44),(183,'dsbxxws22','6-3',4,2,5,2,1,1,5,4,5,5,5,4,43),(184,'dsbxxws49','6-3',2,2,2,1,1,5,3,5,5,3,5,5,39),(185,'dsbxxwy32','6-1',4,3,4,3,1,4,4,4,4,4,3,3,41),(186,'dsbxxwy38','6-1',1,3,3,1,1,4,5,5,5,5,5,5,43),(187,'dsbxxws19','6-3',3,4,4,4,3,3,2,3,3,3,3,2,37),(188,'dsbxxws40','6-3',2,1,5,1,1,1,5,5,5,5,5,5,41),(189,'dsbxxwy29','6-1',3,1,3,1,2,3,3,4,5,5,5,5,40),(190,'dsbxxws17','6-3',2,3,3,2,1,4,4,4,5,4,4,3,39),(191,'dsbxxww15','6-5',3,2,4,3,1,2,4,5,5,5,5,5,44),(192,'dsbxxww08','6-5',4,3,1,3,1,3,3,4,5,4,5,4,40),(193,'dsbxxww17','6-5',3,2,4,3,1,3,3,5,5,1,5,4,39),(194,'dsbxxww25','6-5',1,1,2,1,1,1,5,5,5,3,5,4,34),(195,'dsbxxww50','6-5',4,3,3,3,2,3,4,5,5,4,5,4,45),(196,'dsbxxww22','6-5',5,5,5,3,1,5,4,5,5,5,5,5,53),(197,'dsbxxww35','6-5',3,3,4,2,2,4,4,4,4,4,4,4,42),(198,'dsbxxww49','6-5',3,1,2,1,1,1,5,5,5,5,5,5,39),(199,'dsbxxww37','6-5',5,3,3,1,3,5,4,5,5,5,5,5,49),(200,'dsbxxww20','6-5',3,2,4,1,1,3,3,3,3,3,4,4,34),(201,'dsbxxww42','6-5',2,2,5,2,1,5,5,5,5,5,5,5,47),(202,'dsbxxww32','6-5',5,4,2,5,3,3,2,2,3,2,3,3,37),(203,'dsbxxww24','6-5',3,1,2,2,1,1,1,1,1,1,5,5,24),(204,'dsbxxws20','6-3',1,1,5,2,1,5,5,4,3,4,5,4,40),(205,'dsbxxww06','6-5',2,1,5,1,1,3,4,5,5,5,5,5,42),(206,'dsbxxww33','6-5',5,5,5,5,4,5,1,5,5,5,5,5,55),(207,'dsbxxww19','6-5',3,3,3,1,1,5,5,5,5,5,5,5,46),(208,'dsbxxww18','6-5',2,2,5,4,1,5,4,5,5,5,5,5,48),(209,'dsbxxww34','6-5',3,2,5,2,1,5,4,5,4,4,5,5,45),(210,'dsbxxww27','6-5',2,1,3,2,2,5,3,4,4,2,4,4,36),(211,'dsbxxww26','6-5',2,2,5,2,1,3,2,5,5,3,5,2,37),(212,'dsbxxww07','6-5',1,1,1,1,1,1,4,5,5,2,5,5,32),(213,'dsbxxwy25','6-1',1,1,5,3,1,2,5,5,5,5,5,5,43),(214,'dsbxxww01','6-5',3,1,3,1,1,1,4,4,4,3,4,4,33),(215,'dsbxxwy40','6-1',2,2,4,3,1,5,4,5,4,3,5,3,41),(216,'dsbxxwy17','6-1',2,1,5,1,1,5,5,5,5,1,5,5,41),(217,'dsbxxww14','6-5',3,2,5,1,1,2,4,5,4,3,5,5,40),(218,'dsbxxww40','6-5',3,2,4,3,2,2,4,4,5,3,4,4,40),(219,'dsbxxww11','6-5',5,1,5,1,1,1,4,5,5,3,5,5,41),(220,'dsbxxws39','6-3',4,1,4,2,3,5,3,5,5,5,5,5,47),(221,'dsbxxww28','6-5',5,2,1,3,3,5,3,3,3,5,3,3,39),(222,'dsbxxww43','6-5',5,3,5,4,3,5,5,5,3,3,5,5,51),(223,'dsbxxwy15','6-1',3,2,5,3,2,5,2,3,1,3,3,3,35),(224,'dsbxxww02','6-5',3,1,4,1,1,5,4,5,5,1,5,5,40),(225,'dsbxxww38','6-5',4,3,5,2,3,5,3,5,5,3,5,5,48),(226,'dsbxxww46','6-5',3,2,5,3,1,1,5,5,5,3,5,5,43),(227,'dsbxxww10','6-5',4,3,1,1,1,2,4,4,4,3,4,4,35),(228,'dsbxxww04','6-5',5,2,4,3,1,5,5,5,5,1,5,5,46),(229,'dsbxxww47','6-5',3,1,5,1,1,1,5,5,5,1,5,5,38),(230,'dsbxxww12','6-5',3,2,4,2,1,3,4,5,5,3,4,5,41),(231,'dsbxxww29','6-5',4,2,5,1,1,5,5,5,5,5,5,5,48),(232,'dsbxxww30','6-5',4,1,5,1,1,5,5,5,5,5,5,5,47),(233,'dsbxxww13','6-5',4,1,5,1,1,5,4,5,5,5,5,5,46),(234,'dsbxxws34','6-3',5,3,3,3,2,4,5,5,5,3,5,5,48),(235,'dsbxxww41','6-5',2,1,2,2,1,2,4,5,5,3,5,5,37),(236,'dsbxxww48','6-5',2,2,3,2,2,3,2,4,5,4,3,3,35),(237,'dsbxxww44','6-5',3,3,4,3,1,4,4,5,4,1,5,5,42),(238,'dsbxxww39','6-5',3,3,3,1,1,5,4,5,5,1,5,4,40),(239,'dsbxxww36','6-5',2,3,5,3,1,2,4,5,5,3,4,4,41),(240,'dsbxxww09','6-5',2,1,5,1,1,2,5,5,5,5,2,5,39),(241,'dsbxxww23','6-5',4,3,5,2,1,5,4,5,5,5,5,5,49),(242,'dsbxxww16','6-5',3,3,3,2,1,3,2,3,3,3,3,3,32),(243,'dsbxxww21','6-5',3,1,5,1,1,2,4,5,5,2,5,4,38),(244,'dsbxxww31','6-5',3,2,3,2,1,4,5,5,5,3,5,5,43),(245,'dsbxxws26','6-3',2,1,2,1,1,2,5,5,5,5,5,5,39),(246,'dsbxxww03','6-5',3,2,5,2,1,5,5,4,3,5,5,3,43),(247,'dsbxxww05','6-5',3,2,5,1,1,1,4,5,5,3,5,3,38),(248,'dsbxxww45','6-5',2,1,5,2,2,4,4,5,4,4,3,5,41),(249,'dsbxxws47','6-3',1,1,4,3,1,5,5,5,5,5,5,5,45),(250,'dsbxxws07','6-3',3,3,4,1,1,1,5,4,4,3,3,4,36),(251,'dsbxxws29','6-3',5,3,3,2,3,4,5,5,5,5,5,5,50),(252,'dsbxxwy14','6-1',3,3,3,2,2,2,4,4,4,3,4,4,38),(253,'dsbxxwy20','6-1',4,2,2,2,1,4,5,5,5,5,5,5,45),(254,'dsbxxwy26','6-1',5,2,5,2,1,5,3,3,3,2,5,3,39),(255,'dsbxxwy39','6-1',3,3,3,5,3,3,3,3,3,3,3,3,38);
/*!40000 ALTER TABLE `intellectual_emotion` ENABLE KEYS */;
UNLOCK TABLES;

--
-- Table structure for table `knowledgeCognition`
--

DROP TABLE IF EXISTS `knowledgeCognition`;
/*!40101 SET @saved_cs_client     = @@character_set_client */;
/*!40101 SET character_set_client = utf8 */;
CREATE TABLE `knowledgeCognition` (
  `kid` varchar(254) NOT NULL,
  `name` varchar(256) DEFAULT NULL,
  `importanceD` varchar(254) DEFAULT NULL,
  `timeing` int(11) DEFAULT NULL,
  `belongTo` varchar(254) DEFAULT NULL,
  `belongToId` varchar(254) DEFAULT NULL,
  `level` int(11) DEFAULT NULL,
  PRIMARY KEY (`kid`)
) ENGINE=InnoDB DEFAULT CHARSET=utf8mb4;
/*!40101 SET character_set_client = @saved_cs_client */;

--
-- Dumping data for table `knowledgeCognition`
--

LOCK TABLES `knowledgeCognition` WRITE;
/*!40000 ALTER TABLE `knowledgeCognition` DISABLE KEYS */;
INSERT INTO `knowledgeCognition` VALUES ('m050201','分数乘整数',NULL,NULL,'分数乘法','m050224',2),('m050202','分数乘分数',NULL,NULL,'分数乘法','m050224',2),('m050203','小数乘分数及分数混合运算',NULL,NULL,'分数乘法','m050224',2),('m050204','分数乘法解决问题（1）',NULL,NULL,'分数乘法','m050224',2),('m050205','位置与方向',NULL,NULL,'位置与方向','m050225',2),('m050206','倒数的认识',NULL,NULL,'分数除法','m050226',2),('m050207','分数除以整数、分数',NULL,NULL,'分数除法','m050226',2),('m050208','分数四则混合运算',NULL,NULL,'分数除法','m050226',2),('m050209','解决问题',NULL,NULL,'分数除法','m050226',2),('m050210','比的意义和性质 ',NULL,NULL,'比','m050227',2),('m050211','比的应用',NULL,NULL,'比','m050227',2),('m050212','圆的认识',NULL,NULL,'圆','m050228',2),('m050213','圆的周长',NULL,NULL,'圆','m050228',2),('m050214','圆的面积',NULL,NULL,'圆','m050228',2),('m050215','圆环的面积',NULL,NULL,'圆','m050228',2),('m050216','扇形',NULL,NULL,'圆','m050228',2),('m050217','百分数的意义和读写',NULL,NULL,'百分数','m050229',2),('m050218','百分数、分数和小数互化',NULL,NULL,'百分数','m050229',2),('m050219','用百分数解决问题（一）',NULL,NULL,'百分数','m050229',2),('m050220','用百分数解决问题（二）',NULL,NULL,'百分数','m050229',2),('m050221','百分数解决问题',NULL,NULL,'百分数','m050229',2),('m050222','扇形统计图',NULL,NULL,'扇形统计图','m050230',2),('m050223','数与形',NULL,NULL,'数学广角','m050231',2),('m050224','分数乘法',NULL,NULL,NULL,NULL,1),('m050225','位置与方向(二)',NULL,NULL,NULL,NULL,1),('m050226','分数与除法',NULL,NULL,NULL,NULL,1),('m050227','比',NULL,NULL,NULL,NULL,1),('m050228','圆',NULL,NULL,NULL,NULL,1),('m050229','百分数',NULL,NULL,NULL,NULL,1),('m050230','扇形统计图',NULL,NULL,NULL,NULL,1),('m050231','数学广角——数与形',NULL,NULL,NULL,NULL,1);
/*!40000 ALTER TABLE `knowledgeCognition` ENABLE KEYS */;
UNLOCK TABLES;

--
-- Table structure for table `labor`
--

DROP TABLE IF EXISTS `labor`;
/*!40101 SET @saved_cs_client     = @@character_set_client */;
/*!40101 SET character_set_client = utf8 */;
CREATE TABLE `labor` (
  `id` bigint(20) NOT NULL AUTO_INCREMENT,
  `pid` varchar(254) NOT NULL,
  `classes` varchar(254) DEFAULT NULL,
  `class_positivity` int(11) DEFAULT NULL,
  `class_quality_question` int(11) DEFAULT NULL,
  `class_quality_answer` int(11) DEFAULT NULL,
  `grade` int(11) DEFAULT NULL,
  `labor_time` int(11) DEFAULT NULL,
  `frequency` int(11) DEFAULT NULL,
  `independence` int(11) DEFAULT NULL,
  `active_will` int(11) DEFAULT NULL,
  `active_frequency` int(11) DEFAULT NULL,
  `achievement` int(11) DEFAULT NULL,
  `significance` int(11) DEFAULT NULL,
  `spring` int(11) DEFAULT NULL,
  `autumn` int(11) DEFAULT NULL,
  `score` int(11) DEFAULT NULL,
  PRIMARY KEY (`id`)
) ENGINE=InnoDB AUTO_INCREMENT=308 DEFAULT CHARSET=utf8mb4;
/*!40101 SET character_set_client = @saved_cs_client */;

--
-- Dumping data for table `labor`
--

LOCK TABLES `labor` WRITE;
/*!40000 ALTER TABLE `labor` DISABLE KEYS */;
INSERT INTO `labor` VALUES (207,'dsbxxwy02','6-1',2,2,2,2,2,3,1,1,2,2,2,2,1,41),(208,'dsbxxwy04','6-1',2,2,2,2,2,3,1,1,2,2,2,2,1,41),(209,'dsbxxwy06','6-1',2,2,2,2,2,3,1,1,2,2,2,2,1,41),(210,'dsbxxwy08','6-1',2,2,2,2,2,3,1,1,2,2,2,2,1,41),(211,'dsbxxww01','6-5',3,3,3,2,3,2,2,2,2,2,2,2,3,34),(212,'dsbxxww02','6-5',3,3,3,2,3,2,2,2,2,2,2,2,3,34),(213,'dsbxxww05','6-5',1,2,2,1,2,2,1,1,2,1,2,2,1,45),(214,'dsbxxww06','6-5',1,2,2,1,2,2,1,1,2,1,2,2,1,45),(215,'dsbxxww07','6-5',1,2,2,1,2,2,1,1,2,1,2,2,1,45),(216,'dsbxxww09','6-5',1,2,2,1,2,2,1,1,2,1,2,2,1,45),(217,'dsbxxww10','6-5',1,2,2,1,2,2,1,1,2,1,2,2,1,45),(218,'dsbxxww11','6-5',1,2,2,1,2,2,1,1,2,1,2,2,1,45),(219,'dsbxxww12','6-5',1,2,2,1,2,2,1,1,2,1,2,2,1,45),(220,'dsbxxww13','6-5',1,2,2,1,2,2,1,1,2,1,2,2,1,45),(221,'dsbxxww14','6-5',1,2,2,1,2,2,1,1,2,1,2,2,1,45),(222,'dsbxxww15','6-5',1,2,2,1,2,2,1,1,2,1,2,2,1,45),(223,'dsbxxww16','6-5',1,2,2,1,2,2,1,1,2,1,2,2,1,45),(224,'dsbxxww17','6-5',1,2,2,1,2,2,1,1,2,1,2,2,1,45),(225,'dsbxxww23','6-5',1,2,2,1,2,2,1,1,2,1,2,2,1,45),(226,'dsbxxww24','6-5',1,2,2,1,2,2,1,1,2,1,2,2,1,45),(227,'dsbxxww25','6-5',3,3,3,2,3,2,2,2,2,2,2,2,3,34),(228,'dsbxxww26','6-5',1,2,2,1,2,2,1,1,2,1,2,2,1,45),(229,'dsbxxww27','6-5',1,2,2,1,2,2,1,1,2,1,2,2,1,45),(230,'dsbxxww34','6-5',1,2,2,1,2,2,1,1,2,1,2,2,1,45),(231,'dsbxxww37','6-5',3,3,3,2,3,2,2,2,2,2,2,2,3,34),(232,'dsbxxww40','6-5',3,3,3,2,3,2,2,2,2,2,2,2,3,34),(233,'dsbxxww41','6-5',1,2,2,1,2,2,1,1,2,1,2,2,1,45),(234,'dsbxxww45','6-5',1,2,2,1,2,2,1,1,2,1,2,2,1,45),(235,'dsbxxww49','6-5',1,2,2,1,2,2,1,1,2,1,2,2,1,45),(236,'dsbxxww03','6-5',3,3,3,2,3,2,2,2,2,2,2,2,3,34),(237,'dsbxxww08','6-5',3,4,4,3,2,2,1,3,2,2,3,2,3,31),(238,'dsbxxww19','6-5',3,3,3,2,3,2,2,2,2,2,2,2,3,34),(239,'dsbxxww20','6-5',3,3,3,2,3,2,2,2,2,2,2,2,3,34),(240,'dsbxxww21','6-5',3,3,3,2,3,2,2,2,2,2,2,2,3,34),(241,'dsbxxww29','6-5',3,3,3,2,3,2,2,2,2,2,2,2,3,34),(242,'dsbxxww35','6-5',3,3,3,2,3,2,2,2,2,2,2,2,3,34),(243,'dsbxxww36','6-5',3,3,3,2,3,2,2,2,2,2,2,2,3,34),(244,'dsbxxww39','6-5',3,3,3,2,3,2,2,2,2,2,2,2,3,34),(245,'dsbxxww43','6-5',3,3,3,2,3,2,2,2,2,2,2,2,3,34),(246,'dsbxxww44','6-5',3,3,3,2,3,2,2,2,2,2,2,2,3,34),(247,'dsbxxww46','6-5',3,3,3,2,3,2,2,2,2,2,2,2,3,34),(248,'dsbxxww47','6-5',3,3,3,2,3,2,2,2,2,2,2,2,3,34),(249,'dsbxxww48','6-5',3,3,3,2,3,2,2,2,2,2,2,2,3,34),(250,'dsbxxww50','6-5',3,3,3,2,3,2,2,2,2,2,2,2,3,34),(251,'dsbxxww04','6-5',3,4,4,3,2,2,1,3,2,2,3,2,3,31),(252,'dsbxxww22','6-5',3,4,4,3,2,2,1,3,2,2,3,2,3,31),(253,'dsbxxww28','6-5',3,4,4,3,2,2,1,3,2,2,3,2,3,31),(254,'dsbxxww31','6-5',3,4,4,3,2,2,1,3,2,2,3,2,3,31),(255,'dsbxxww32','6-5',3,4,4,3,2,2,1,3,2,2,3,2,3,31),(256,'dsbxxww33','6-5',3,4,4,3,2,2,1,3,2,2,3,2,3,31),(257,'dsbxxww38','6-5',3,4,4,3,2,2,1,3,2,2,3,2,3,31),(258,'dsbxxws01','6-3',2,3,2,2,4,2,1,1,1,1,2,2,1,41),(259,'dsbxxws02','6-3',2,3,2,2,4,2,1,1,1,1,2,2,1,41),(260,'dsbxxws03','6-3',2,3,2,2,4,2,1,1,1,1,2,2,1,41),(261,'dsbxxws04','6-3',2,3,2,2,4,2,1,1,1,1,2,2,1,41),(262,'dsbxxws05','6-3',2,3,2,2,4,2,1,1,1,1,2,2,1,41),(263,'dsbxxws06','6-3',2,3,2,2,4,2,1,1,1,1,2,2,1,41),(264,'dsbxxws09','6-3',2,3,2,2,4,2,1,1,1,1,2,2,1,41),(265,'dsbxxws10','6-3',2,3,2,2,4,2,1,1,1,1,2,2,1,41),(266,'dsbxxws11','6-3',2,3,2,2,4,2,1,1,1,1,2,2,1,41),(267,'dsbxxws12','6-3',2,3,2,2,4,2,1,1,1,1,2,2,1,41),(268,'dsbxxws13','6-3',2,3,2,2,4,2,1,1,1,1,2,2,1,41),(269,'dsbxxws14','6-3',2,3,2,2,4,2,1,1,1,1,2,2,1,41),(270,'dsbxxws15','6-3',2,3,2,2,4,2,1,1,1,1,2,2,1,41),(271,'dsbxxws16','6-3',2,3,2,2,4,2,1,1,1,1,2,2,1,41),(272,'dsbxxws17','6-3',2,3,2,2,4,2,1,1,1,1,2,2,1,41),(273,'dsbxxws18','6-3',2,3,2,2,4,2,1,1,1,1,2,2,1,41),(274,'dsbxxws20','6-3',2,3,2,2,4,2,1,1,1,1,2,2,1,41),(275,'dsbxxws21','6-3',2,3,2,2,4,2,1,1,1,1,2,2,1,41),(276,'dsbxxws22','6-3',2,3,2,2,4,2,1,1,1,1,2,2,1,41),(277,'dsbxxws23','6-3',2,3,2,2,4,2,1,1,1,1,2,2,1,41),(278,'dsbxxws24','6-3',2,3,2,2,4,2,1,1,1,1,2,2,1,41),(279,'dsbxxws25','6-3',2,3,2,2,4,2,1,1,1,1,2,2,1,41),(280,'dsbxxws26','6-3',2,3,2,2,4,2,1,1,1,1,2,2,1,41),(281,'dsbxxws27','6-3',2,3,2,2,4,2,1,1,1,1,2,2,1,41),(282,'dsbxxws28','6-3',2,3,2,2,4,2,1,1,1,1,2,2,1,41),(283,'dsbxxws29','6-3',2,3,2,2,4,2,1,1,1,1,2,2,1,41),(284,'dsbxxws30','6-3',2,3,2,2,4,2,1,1,1,1,2,2,1,41),(285,'dsbxxws31','6-3',2,3,2,2,4,2,1,1,1,1,2,2,1,41),(286,'dsbxxws32','6-3',2,3,2,2,4,2,1,1,1,1,2,2,1,41),(287,'dsbxxws33','6-3',2,3,2,2,4,2,1,1,1,1,2,2,1,41),(288,'dsbxxws34','6-3',2,3,2,2,4,2,1,1,1,1,2,2,1,41),(289,'dsbxxws35','6-3',2,3,2,2,4,2,1,1,1,1,2,2,1,41),(290,'dsbxxws36','6-3',2,3,2,2,4,2,1,1,1,1,2,2,1,41),(291,'dsbxxws37','6-3',2,3,2,2,4,2,1,1,1,1,2,2,1,41),(292,'dsbxxws38','6-3',2,3,2,2,4,2,1,1,1,1,2,2,1,41),(293,'dsbxxws39','6-3',2,3,2,2,4,2,1,1,1,1,2,2,1,41),(294,'dsbxxws40','6-3',2,3,2,2,4,2,1,1,1,1,2,2,1,41),(295,'dsbxxws41','6-3',2,3,2,2,4,2,1,1,1,1,2,2,1,41),(296,'dsbxxws42','6-3',2,3,2,2,4,2,1,1,1,1,2,2,1,41),(297,'dsbxxws43','6-3',2,3,2,2,4,2,1,1,1,1,2,2,1,41),(298,'dsbxxws44','6-3',2,3,2,2,4,2,1,1,1,1,2,2,1,41),(299,'dsbxxws45','6-3',2,3,2,2,4,2,1,1,1,1,2,2,1,41),(300,'dsbxxws47','6-3',2,3,2,2,4,2,1,1,1,1,2,2,1,41),(301,'dsbxxws48','6-3',2,3,2,2,4,2,1,1,1,1,2,2,1,41),(302,'dsbxxws49','6-3',2,3,2,2,4,2,1,1,1,1,2,2,1,41),(303,'dsbxxws50','6-3',2,3,2,2,4,2,1,1,1,1,2,2,1,41),(304,'dsbxxws07','6-3',3,4,4,3,4,3,3,3,3,2,3,3,3,24),(305,'dsbxxws08','6-3',3,4,4,3,4,3,3,3,3,2,3,3,3,24),(306,'dsbxxws46','6-3',3,4,4,3,4,3,3,3,3,2,3,3,3,24),(307,'dsbxxwy12','6-1',3,3,1,1,3,1,1,1,1,2,3,1,1,13);
/*!40000 ALTER TABLE `labor` ENABLE KEYS */;
UNLOCK TABLES;

--
-- Table structure for table `morality`
--

DROP TABLE IF EXISTS `morality`;
/*!40101 SET @saved_cs_client     = @@character_set_client */;
/*!40101 SET character_set_client = utf8 */;
CREATE TABLE `morality` (
  `id` bigint(20) NOT NULL AUTO_INCREMENT,
  `pid` varchar(254) NOT NULL,
  `classes` varchar(254) DEFAULT NULL,
  `culture_awareness` int(11) DEFAULT NULL,
  `culture_paragon` int(11) DEFAULT NULL,
  `action_rite` int(11) DEFAULT NULL,
  `action_labor` int(11) DEFAULT NULL,
  `action_behavior` int(11) DEFAULT NULL,
  `concept_leader` int(11) DEFAULT NULL,
  `concept_help` int(11) DEFAULT NULL,
  `law_money` int(11) DEFAULT NULL,
  `law_discipline` int(11) DEFAULT NULL,
  `civilization_exercises` int(11) DEFAULT NULL,
  `civilization_respect` int(11) DEFAULT NULL,
  `love_help` int(11) DEFAULT NULL,
  `love_exam` int(11) DEFAULT NULL,
  `score` int(11) DEFAULT NULL,
  PRIMARY KEY (`id`)
) ENGINE=InnoDB AUTO_INCREMENT=12 DEFAULT CHARSET=utf8mb4;
/*!40101 SET character_set_client = @saved_cs_client */;

--
-- Dumping data for table `morality`
--

LOCK TABLES `morality` WRITE;
/*!40000 ALTER TABLE `morality` DISABLE KEYS */;
INSERT INTO `morality` VALUES (8,'dsbxxws43','6-3',3,2,1,2,2,4,3,1,2,1,2,2,1,39),(9,'dsbxxww45','6-5',3,2,1,2,2,1,2,2,2,2,1,1,1,43),(10,'dsbxxwy23','6-1',2,1,1,1,1,2,1,1,1,1,1,1,1,50),(11,'dsbxxwy12','6-1',3,2,1,3,2,2,3,1,3,3,3,1,2,26);
/*!40000 ALTER TABLE `morality` ENABLE KEYS */;
UNLOCK TABLES;

--
-- Table structure for table `morality_medal`
--

DROP TABLE IF EXISTS `morality_medal`;
/*!40101 SET @saved_cs_client     = @@character_set_client */;
/*!40101 SET character_set_client = utf8 */;
CREATE TABLE `morality_medal` (
  `id` bigint(20) NOT NULL AUTO_INCREMENT,
  `pid` varchar(254) NOT NULL,
  `classes` varchar(254) DEFAULT NULL,
  `xiangyang` int(11) DEFAULT NULL,
  `chuancheng` int(11) DEFAULT NULL,
  `lide` int(11) DEFAULT NULL,
  `lizhi` int(11) DEFAULT NULL,
  `mengxiang` int(11) DEFAULT NULL,
  `xiaozhuren` int(11) DEFAULT NULL,
  `tuanjie` int(11) DEFAULT NULL,
  `jianti` int(11) DEFAULT NULL,
  `fengxian` int(11) DEFAULT NULL,
  `laodong` int(11) DEFAULT NULL,
  `yonggan` int(11) DEFAULT NULL,
  `jieyue` int(11) DEFAULT NULL,
  `score` int(11) DEFAULT NULL,
  PRIMARY KEY (`id`)
) ENGINE=InnoDB AUTO_INCREMENT=2 DEFAULT CHARSET=utf8mb4;
/*!40101 SET character_set_client = @saved_cs_client */;

--
-- Dumping data for table `morality_medal`
--

LOCK TABLES `morality_medal` WRITE;
/*!40000 ALTER TABLE `morality_medal` DISABLE KEYS */;
INSERT INTO `morality_medal` VALUES (1,'dsbxxwy12','6-1',0,1,1,0,0,0,1,1,0,1,0,1,6);
/*!40000 ALTER TABLE `morality_medal` ENABLE KEYS */;
UNLOCK TABLES;

--
-- Table structure for table `papergrade`
--

DROP TABLE IF EXISTS `papergrade`;
/*!40101 SET @saved_cs_client     = @@character_set_client */;
/*!40101 SET character_set_client = utf8 */;
CREATE TABLE `papergrade` (
  `id` bigint(20) NOT NULL AUTO_INCREMENT,
  `name` varchar(254) DEFAULT NULL,
  `cname` varchar(254) DEFAULT NULL,
  `grade` int(11) DEFAULT NULL,
  PRIMARY KEY (`id`)
) ENGINE=InnoDB AUTO_INCREMENT=11 DEFAULT CHARSET=utf8mb4;
/*!40101 SET character_set_client = @saved_cs_client */;

--
-- Dumping data for table `papergrade`
--

LOCK TABLES `papergrade` WRITE;
/*!40000 ALTER TABLE `papergrade` DISABLE KEYS */;
INSERT INTO `papergrade` VALUES (1,'Morality','德育',52),(2,'IntellectualEmotion','智育-情感',60),(3,'IntellectualBehaviorAttitudeMethod','智育-行为-态度与方法',24),(4,'IntellectualBehaviorStyle','智育-行为-风格',24),(5,'IntellectualAbilityCreate','智育-能力-创新精神',28),(6,'IntellectualAbilityColloquial','智育-能力-口语测评',100),(7,'Sport','体育',32),(8,'ArtMusic','美育-音乐',76),(9,'Art','美育-美术',72),(10,'Labor','劳育',52);
/*!40000 ALTER TABLE `papergrade` ENABLE KEYS */;
UNLOCK TABLES;

--
-- Table structure for table `person`
--

DROP TABLE IF EXISTS `person`;
/*!40101 SET @saved_cs_client     = @@character_set_client */;
/*!40101 SET character_set_client = utf8 */;
CREATE TABLE `person` (
  `id` varchar(254) NOT NULL,
  `create_time` bigint(20) DEFAULT NULL,
  `update_time` bigint(20) DEFAULT NULL,
  `avatar` varchar(100) DEFAULT NULL,
  `email` varchar(254) DEFAULT NULL,
  `open_id` varchar(254) DEFAULT NULL,
  `phone` varchar(254) DEFAULT NULL,
  `weixin_name` varchar(254) DEFAULT NULL,
  `male` smallint(6) NOT NULL,
  `name` varchar(254) DEFAULT NULL,
  `password` varchar(254) DEFAULT NULL,
  `salt` varchar(254) DEFAULT NULL,
  `is_active` bigint(20) DEFAULT NULL,
  `last_login_time` bigint(20) DEFAULT NULL,
  `is_teacher` smallint(6) NOT NULL,
  `grade` varchar(254) DEFAULT NULL,
  `subject` varchar(254) DEFAULT NULL,
  PRIMARY KEY (`id`)
) ENGINE=InnoDB DEFAULT CHARSET=utf8mb4;
/*!40101 SET character_set_client = @saved_cs_client */;

--
-- Dumping data for table `person`
--

LOCK TABLES `person` WRITE;
/*!40000 ALTER TABLE `person` DISABLE KEYS */;
INSERT INTO `person` VALUES ('dsbxxws01',NULL,NULL,'','','','','',1,'赵鸿启','5374b26590e7ab235452e24b867f348b','',NULL,NULL,0,'6-3',''),('dsbxxws02',NULL,NULL,'','','','','',1,'宋雨晨','5374b26590e7ab235452e24b867f348b','',NULL,NULL,0,'6-3',''),('dsbxxws03',NULL,NULL,'','','','','',1,'杨其衡','5374b26590e7ab235452e24b867f348b','',NULL,NULL,0,'6-3',''),('dsbxxws04',NULL,NULL,'','','','','',1,'梁爽','5374b26590e7ab235452e24b867f348b','',NULL,NULL,0,'6-3',''),('dsbxxws05',NULL,NULL,'','','','','',1,'李炳萱','5374b26590e7ab235452e24b867f348b','',NULL,NULL,0,'6-3',''),('dsbxxws06',NULL,NULL,'','','','','',1,'马峻熙','5374b26590e7ab235452e24b867f348b','',NULL,NULL,0,'6-3',''),('dsbxxws07',NULL,NULL,'','','','','',1,'杨毅','5374b26590e7ab235452e24b867f348b','',NULL,NULL,0,'6-3',''),('dsbxxws08',NULL,NULL,'','','','','',1,'李怡锦','5374b26590e7ab235452e24b867f348b','',NULL,NULL,0,'6-3',''),('dsbxxws09',NULL,NULL,'','','','','',1,'刘雨衡','5374b26590e7ab235452e24b867f348b','',NULL,NULL,0,'6-3',''),('dsbxxws10',NULL,NULL,'','','','','',1,'王子筱','5374b26590e7ab235452e24b867f348b','',NULL,NULL,0,'6-3',''),('dsbxxws11',NULL,NULL,'','','','','',1,'王博媛','5374b26590e7ab235452e24b867f348b','',NULL,NULL,0,'6-3',''),('dsbxxws12',NULL,NULL,'','','','','',1,'罗雅芝','5374b26590e7ab235452e24b867f348b','',NULL,NULL,0,'6-3',''),('dsbxxws13',NULL,NULL,'','','','','',1,'郭锦灿','5374b26590e7ab235452e24b867f348b','',NULL,NULL,0,'6-3',''),('dsbxxws14',NULL,NULL,'','','','','',1,'宿雨馨','5374b26590e7ab235452e24b867f348b','',NULL,NULL,0,'6-3',''),('dsbxxws15',NULL,NULL,'','','','','',1,'王子怡','5374b26590e7ab235452e24b867f348b','',NULL,NULL,0,'6-3',''),('dsbxxws16',NULL,NULL,'','','','','',1,'毕梓嫣','5374b26590e7ab235452e24b867f348b','',NULL,NULL,0,'6-3',''),('dsbxxws17',NULL,NULL,'','','','','',1,'田若彤','5374b26590e7ab235452e24b867f348b','',NULL,NULL,0,'6-3',''),('dsbxxws18',NULL,NULL,'','','','','',1,'张依涵','5374b26590e7ab235452e24b867f348b','',NULL,NULL,0,'6-3',''),('dsbxxws19',NULL,NULL,'','','','','',1,'李梓漠','5374b26590e7ab235452e24b867f348b','',NULL,NULL,0,'6-3',''),('dsbxxws20',NULL,NULL,'','','','','',1,'贺歆瑶','5374b26590e7ab235452e24b867f348b','',NULL,NULL,0,'6-3',''),('dsbxxws21',NULL,NULL,'','','','','',1,'张沛琪','5374b26590e7ab235452e24b867f348b','',NULL,NULL,0,'6-3',''),('dsbxxws22',NULL,NULL,'','','','','',1,'郭晋宁','5374b26590e7ab235452e24b867f348b','',NULL,NULL,0,'6-3',''),('dsbxxws23',NULL,NULL,'','','','','',1,'张峻依','5374b26590e7ab235452e24b867f348b','',NULL,NULL,0,'6-3',''),('dsbxxws24',NULL,NULL,'','','','','',1,'缑宇轩','5374b26590e7ab235452e24b867f348b','',NULL,NULL,0,'6-3',''),('dsbxxws25',NULL,NULL,'','','','','',1,'樊济宽','5374b26590e7ab235452e24b867f348b','',NULL,NULL,0,'6-3',''),('dsbxxws26',NULL,NULL,'','','','','',1,'刘予辰姝','5374b26590e7ab235452e24b867f348b','',NULL,NULL,0,'6-3',''),('dsbxxws27',NULL,NULL,'','','','','',1,'马子涵','5374b26590e7ab235452e24b867f348b','',NULL,NULL,0,'6-3',''),('dsbxxws28',NULL,NULL,'','','','','',1,'牛逸飞','5374b26590e7ab235452e24b867f348b','',NULL,NULL,0,'6-3',''),('dsbxxws29',NULL,NULL,'','','','','',1,'黄俊杰','5374b26590e7ab235452e24b867f348b','',NULL,NULL,0,'6-3',''),('dsbxxws30',NULL,NULL,'','','','','',1,'汪鼎盛','5374b26590e7ab235452e24b867f348b','',NULL,NULL,0,'6-3',''),('dsbxxws31',NULL,NULL,'','','','','',1,'张晓露','5374b26590e7ab235452e24b867f348b','',NULL,NULL,0,'6-3',''),('dsbxxws32',NULL,NULL,'','','','','',1,'张晓晨','5374b26590e7ab235452e24b867f348b','',NULL,NULL,0,'6-3',''),('dsbxxws33',NULL,NULL,'','','','','',1,'曹思琪','5374b26590e7ab235452e24b867f348b','',NULL,NULL,0,'6-3',''),('dsbxxws34',NULL,NULL,'','','','','',1,'孙笑笑','5374b26590e7ab235452e24b867f348b','',NULL,NULL,0,'6-3',''),('dsbxxws35',NULL,NULL,'','','','','',1,'马琪涵','5374b26590e7ab235452e24b867f348b','',NULL,NULL,0,'6-3',''),('dsbxxws36',NULL,NULL,'','','','','',1,'孙琪涵','5374b26590e7ab235452e24b867f348b','',NULL,NULL,0,'6-3',''),('dsbxxws37',NULL,NULL,'','','','','',1,'刘昱霏','5374b26590e7ab235452e24b867f348b','',NULL,NULL,0,'6-3',''),('dsbxxws38',NULL,NULL,'','','','','',1,'杨嘉尧','5374b26590e7ab235452e24b867f348b','',NULL,NULL,0,'6-3',''),('dsbxxws39',NULL,NULL,'','','','','',1,'李浙宁','5374b26590e7ab235452e24b867f348b','',NULL,NULL,0,'6-3',''),('dsbxxws40',NULL,NULL,'','','','','',1,'徐东昊','5374b26590e7ab235452e24b867f348b','',NULL,NULL,0,'6-3',''),('dsbxxws41',NULL,NULL,'','','','','',1,'焦一涵','5374b26590e7ab235452e24b867f348b','',NULL,NULL,0,'6-3',''),('dsbxxws42',NULL,NULL,'','','','','',1,'田韶霆','5374b26590e7ab235452e24b867f348b','',NULL,NULL,0,'6-3',''),('dsbxxws43',NULL,NULL,'','','','','',1,'张浩铭','5374b26590e7ab235452e24b867f348b','',NULL,NULL,0,'6-3',''),('dsbxxws44',NULL,NULL,'','','','','',1,'张泽阳','5374b26590e7ab235452e24b867f348b','',NULL,NULL,0,'6-3',''),('dsbxxws45',NULL,NULL,'','','','','',1,'贺丹','5374b26590e7ab235452e24b867f348b','',NULL,NULL,0,'6-3',''),('dsbxxws46',NULL,NULL,'','','','','',1,'杨岩','5374b26590e7ab235452e24b867f348b','',NULL,NULL,0,'6-3',''),('dsbxxws47',NULL,NULL,'','','','','',1,'徐铭阳','5374b26590e7ab235452e24b867f348b','',NULL,NULL,0,'6-3',''),('dsbxxws48',NULL,NULL,'','','','','',1,'周雅琪','5374b26590e7ab235452e24b867f348b','',NULL,NULL,0,'6-3',''),('dsbxxws49',NULL,NULL,'','','','','',1,'王硕','5374b26590e7ab235452e24b867f348b','',NULL,NULL,0,'6-3',''),('dsbxxws50',NULL,NULL,'','','','','',1,'贾仕伟','5374b26590e7ab235452e24b867f348b','',NULL,NULL,0,'6-3',''),('dsbxxww01',NULL,NULL,'','','','','',1,'蒋博杨','5374b26590e7ab235452e24b867f348b','',NULL,NULL,0,'6-5',''),('dsbxxww02',NULL,NULL,'','','','','',1,'陈子酉','5374b26590e7ab235452e24b867f348b','',NULL,NULL,0,'6-5',''),('dsbxxww03',NULL,NULL,'','','','','',1,'丁泽彤','5374b26590e7ab235452e24b867f348b','',NULL,NULL,0,'6-5',''),('dsbxxww04',NULL,NULL,'','','','','',1,'马沁雅','5374b26590e7ab235452e24b867f348b','',NULL,NULL,0,'6-5',''),('dsbxxww05',NULL,NULL,'','','','','',1,'田海森','5374b26590e7ab235452e24b867f348b','',NULL,NULL,0,'6-5',''),('dsbxxww06',NULL,NULL,'','','','','',1,'靳晨熙','5374b26590e7ab235452e24b867f348b','',NULL,NULL,0,'6-5',''),('dsbxxww07',NULL,NULL,'','','','','',1,'李泽琛','5374b26590e7ab235452e24b867f348b','',NULL,NULL,0,'6-5',''),('dsbxxww08',NULL,NULL,'','','','','',1,'李雨涵','5374b26590e7ab235452e24b867f348b','',NULL,NULL,0,'6-5',''),('dsbxxww09',NULL,NULL,'','','','','',1,'张锡源','5374b26590e7ab235452e24b867f348b','',NULL,NULL,0,'6-5',''),('dsbxxww10',NULL,NULL,'','','','','',1,'汪琪超','5374b26590e7ab235452e24b867f348b','',NULL,NULL,0,'6-5',''),('dsbxxww11',NULL,NULL,'','','','','',1,'赵雨禾','5374b26590e7ab235452e24b867f348b','',NULL,NULL,0,'6-5',''),('dsbxxww12',NULL,NULL,'','','','','',1,'李英恺','5374b26590e7ab235452e24b867f348b','',NULL,NULL,0,'6-5',''),('dsbxxww13',NULL,NULL,'','','','','',1,'王佳昕','5374b26590e7ab235452e24b867f348b','',NULL,NULL,0,'6-5',''),('dsbxxww14',NULL,NULL,'','','','','',1,'陈旭馨','5374b26590e7ab235452e24b867f348b','',NULL,NULL,0,'6-5',''),('dsbxxww15',NULL,NULL,'','','','','',1,'李天爱','5374b26590e7ab235452e24b867f348b','',NULL,NULL,0,'6-5',''),('dsbxxww16',NULL,NULL,'','','','','',1,'王梓轩','5374b26590e7ab235452e24b867f348b','',NULL,NULL,0,'6-5',''),('dsbxxww17',NULL,NULL,'','','','','',1,'赵峻熙','5374b26590e7ab235452e24b867f348b','',NULL,NULL,0,'6-5',''),('dsbxxww18',NULL,NULL,'','','','','',1,'刘元媛','5374b26590e7ab235452e24b867f348b','',NULL,NULL,0,'6-5',''),('dsbxxww19',NULL,NULL,'','','','','',1,'刘梓晨','5374b26590e7ab235452e24b867f348b','',NULL,NULL,0,'6-5',''),('dsbxxww20',NULL,NULL,'','','','','',1,'吴欣恬','5374b26590e7ab235452e24b867f348b','',NULL,NULL,0,'6-5',''),('dsbxxww21',NULL,NULL,'','','','','',1,'任梓桐','5374b26590e7ab235452e24b867f348b','',NULL,NULL,0,'6-5',''),('dsbxxww22',NULL,NULL,'','','','','',1,'陈昱璋','5374b26590e7ab235452e24b867f348b','',NULL,NULL,0,'6-5',''),('dsbxxww23',NULL,NULL,'','','','','',1,'杨乐澄','5374b26590e7ab235452e24b867f348b','',NULL,NULL,0,'6-5',''),('dsbxxww24',NULL,NULL,'','','','','',1,'李浩轩','5374b26590e7ab235452e24b867f348b','',NULL,NULL,0,'6-5',''),('dsbxxww25',NULL,NULL,'','','','','',1,'丁彦博','5374b26590e7ab235452e24b867f348b','',NULL,NULL,0,'6-5',''),('dsbxxww26',NULL,NULL,'','','','','',1,'林墨','5374b26590e7ab235452e24b867f348b','',NULL,NULL,0,'6-5',''),('dsbxxww27',NULL,NULL,'','','','','',1,'沙涛','5374b26590e7ab235452e24b867f348b','',NULL,NULL,0,'6-5',''),('dsbxxww28',NULL,NULL,'','','','','',1,'宋睿瑶','5374b26590e7ab235452e24b867f348b','',NULL,NULL,0,'6-5',''),('dsbxxww29',NULL,NULL,'','','','','',1,'李昀鸽','5374b26590e7ab235452e24b867f348b','',NULL,NULL,0,'6-5',''),('dsbxxww30',NULL,NULL,'','','','','',1,'李昀泽','5374b26590e7ab235452e24b867f348b','',NULL,NULL,0,'6-5',''),('dsbxxww31',NULL,NULL,'','','','','',1,'刘蕊瑄','5374b26590e7ab235452e24b867f348b','',NULL,NULL,0,'6-5',''),('dsbxxww32',NULL,NULL,'','','','','',1,'和艳茜','5374b26590e7ab235452e24b867f348b','',NULL,NULL,0,'6-5',''),('dsbxxww33',NULL,NULL,'','','','','',1,'李丹扬','5374b26590e7ab235452e24b867f348b','',NULL,NULL,0,'6-5',''),('dsbxxww34',NULL,NULL,'','','','','',1,'贺佳俊','5374b26590e7ab235452e24b867f348b','',NULL,NULL,0,'6-5',''),('dsbxxww35',NULL,NULL,'','','','','',1,'程千豪','5374b26590e7ab235452e24b867f348b','',NULL,NULL,0,'6-5',''),('dsbxxww36',NULL,NULL,'','','','','',1,'马萨','5374b26590e7ab235452e24b867f348b','',NULL,NULL,0,'6-5',''),('dsbxxww37',NULL,NULL,'','','','','',1,'胡舜赫','5374b26590e7ab235452e24b867f348b','',NULL,NULL,0,'6-5',''),('dsbxxww38',NULL,NULL,'','','','','',1,'王子轩','5374b26590e7ab235452e24b867f348b','',NULL,NULL,0,'6-5',''),('dsbxxww39',NULL,NULL,'','','','','',1,'贾彤彤','5374b26590e7ab235452e24b867f348b','',NULL,NULL,0,'6-5',''),('dsbxxww40',NULL,NULL,'','','','','',1,'郭奕昂','5374b26590e7ab235452e24b867f348b','',NULL,NULL,0,'6-5',''),('dsbxxww41',NULL,NULL,'','','','','',1,'陶怿篪','5374b26590e7ab235452e24b867f348b','',NULL,NULL,0,'6-5',''),('dsbxxww42',NULL,NULL,'','','','','',1,'谢钰曈','5374b26590e7ab235452e24b867f348b','',NULL,NULL,0,'6-5',''),('dsbxxww43',NULL,NULL,'','','','','',1,'包煜昊','5374b26590e7ab235452e24b867f348b','',NULL,NULL,0,'6-5',''),('dsbxxww44',NULL,NULL,'','','','','',1,'李沫凡','5374b26590e7ab235452e24b867f348b','',NULL,NULL,0,'6-5',''),('dsbxxww45',NULL,NULL,'','','','','',1,'马浩然','5374b26590e7ab235452e24b867f348b','',NULL,NULL,0,'6-5',''),('dsbxxww46',NULL,NULL,'','','','','',1,'叶水清','5374b26590e7ab235452e24b867f348b','',NULL,NULL,0,'6-5',''),('dsbxxww47',NULL,NULL,'','','','','',1,'刘梦涵','5374b26590e7ab235452e24b867f348b','',NULL,NULL,0,'6-5',''),('dsbxxww48',NULL,NULL,'','','','','',1,'杨雨歌','5374b26590e7ab235452e24b867f348b','',NULL,NULL,0,'6-5',''),('dsbxxww49',NULL,NULL,'','','','','',1,'虎子涵','5374b26590e7ab235452e24b867f348b','',NULL,NULL,0,'6-5',''),('dsbxxww50',NULL,NULL,'','','','','',1,'邹正宇','5374b26590e7ab235452e24b867f348b','',NULL,NULL,0,'6-5',''),('dsbxxwy01',NULL,NULL,'','','','','',1,'陈东海','5374b26590e7ab235452e24b867f348b','',NULL,NULL,0,'6-1',''),('dsbxxwy02',NULL,NULL,'','','','','',1,'赵一冰','5374b26590e7ab235452e24b867f348b','',NULL,NULL,0,'6-1',''),('dsbxxwy03',NULL,NULL,'','','','','',1,'马正博','5374b26590e7ab235452e24b867f348b','',NULL,NULL,0,'6-1',''),('dsbxxwy04',NULL,NULL,'','','','','',1,'买天屿','5374b26590e7ab235452e24b867f348b','',NULL,NULL,0,'6-1',''),('dsbxxwy05',NULL,NULL,'','','','','',1,'周渝恒','5374b26590e7ab235452e24b867f348b','',NULL,NULL,0,'6-1',''),('dsbxxwy06',NULL,NULL,'','','','','',1,'林玥希','5374b26590e7ab235452e24b867f348b','',NULL,NULL,0,'6-1',''),('dsbxxwy07',NULL,NULL,'','','','','',1,'吴优裴雪','5374b26590e7ab235452e24b867f348b','',NULL,NULL,0,'6-1',''),('dsbxxwy08',NULL,NULL,'','','','','',1,'赵佳琪','5374b26590e7ab235452e24b867f348b','',NULL,NULL,0,'6-1',''),('dsbxxwy09',NULL,NULL,'','','','','',1,'王晨懿','5374b26590e7ab235452e24b867f348b','',NULL,NULL,0,'6-1',''),('dsbxxwy10',NULL,NULL,'','','','','',1,'张译丹','5374b26590e7ab235452e24b867f348b','',NULL,NULL,0,'6-1',''),('dsbxxwy11',NULL,NULL,'','','','','',1,'余昕萌','5374b26590e7ab235452e24b867f348b','',NULL,NULL,0,'6-1',''),('dsbxxwy12',NULL,NULL,'','','','','',1,'闫本泽','5374b26590e7ab235452e24b867f348b','',NULL,NULL,0,'6-1',''),('dsbxxwy13',NULL,NULL,'','','','','',1,'孙  阳','5374b26590e7ab235452e24b867f348b','',NULL,NULL,0,'6-1',''),('dsbxxwy14',NULL,NULL,'','','','','',1,'王灿阳','5374b26590e7ab235452e24b867f348b','',NULL,NULL,0,'6-1',''),('dsbxxwy15',NULL,NULL,'','','','','',1,'李卓玥','5374b26590e7ab235452e24b867f348b','',NULL,NULL,0,'6-1',''),('dsbxxwy16',NULL,NULL,'','','','','',1,'仇子昱','5374b26590e7ab235452e24b867f348b','',NULL,NULL,0,'6-1',''),('dsbxxwy17',NULL,NULL,'','','','','',1,'张笑寒','5374b26590e7ab235452e24b867f348b','',NULL,NULL,0,'6-1',''),('dsbxxwy18',NULL,NULL,'','','','','',1,'戴诗琴','5374b26590e7ab235452e24b867f348b','',NULL,NULL,0,'6-1',''),('dsbxxwy19',NULL,NULL,'','','','','',1,'王怡童','5374b26590e7ab235452e24b867f348b','',NULL,NULL,0,'6-1',''),('dsbxxwy20',NULL,NULL,'','','','','',1,'俞晨希','5374b26590e7ab235452e24b867f348b','',NULL,NULL,0,'6-1',''),('dsbxxwy21',NULL,NULL,'','','','','',1,'马雪诚','5374b26590e7ab235452e24b867f348b','',NULL,NULL,0,'6-1',''),('dsbxxwy22',NULL,NULL,'','','','','',1,'侯俊华','5374b26590e7ab235452e24b867f348b','',NULL,NULL,0,'6-1',''),('dsbxxwy23',NULL,NULL,'','','','','',1,'信世硕','5374b26590e7ab235452e24b867f348b','',NULL,NULL,0,'6-1',''),('dsbxxwy24',NULL,NULL,'','','','','',1,'年睿轩','5374b26590e7ab235452e24b867f348b','',NULL,NULL,0,'6-1',''),('dsbxxwy25',NULL,NULL,'','','','','',1,'李沛莹','5374b26590e7ab235452e24b867f348b','',NULL,NULL,0,'6-1',''),('dsbxxwy26',NULL,NULL,'','','','','',1,'刘振豪','5374b26590e7ab235452e24b867f348b','',NULL,NULL,0,'6-1',''),('dsbxxwy27',NULL,NULL,'','','','','',1,'李昊威','5374b26590e7ab235452e24b867f348b','',NULL,NULL,0,'6-1',''),('dsbxxwy28',NULL,NULL,'','','','','',1,'刘宇泽','5374b26590e7ab235452e24b867f348b','',NULL,NULL,0,'6-1',''),('dsbxxwy29',NULL,NULL,'','','','','',1,'王晨旭','5374b26590e7ab235452e24b867f348b','',NULL,NULL,0,'6-1',''),('dsbxxwy30',NULL,NULL,'','','','','',1,'王瑞泽','5374b26590e7ab235452e24b867f348b','',NULL,NULL,0,'6-1',''),('dsbxxwy31',NULL,NULL,'','','','','',1,'王孙浩','5374b26590e7ab235452e24b867f348b','',NULL,NULL,0,'6-1',''),('dsbxxwy32',NULL,NULL,'','','','','',1,'陈雅轩','5374b26590e7ab235452e24b867f348b','',NULL,NULL,0,'6-1',''),('dsbxxwy33',NULL,NULL,'','','','','',1,'马子翔','5374b26590e7ab235452e24b867f348b','',NULL,NULL,0,'6-1',''),('dsbxxwy34',NULL,NULL,'','','','','',1,'郝博然','5374b26590e7ab235452e24b867f348b','',NULL,NULL,0,'6-1',''),('dsbxxwy35',NULL,NULL,'','','','','',1,'王一博','5374b26590e7ab235452e24b867f348b','',NULL,NULL,0,'6-1',''),('dsbxxwy36',NULL,NULL,'','','','','',1,'康嘉敏','5374b26590e7ab235452e24b867f348b','',NULL,NULL,0,'6-1',''),('dsbxxwy37',NULL,NULL,'','','','','',1,'郭兴凯','5374b26590e7ab235452e24b867f348b','',NULL,NULL,0,'6-1',''),('dsbxxwy38',NULL,NULL,'','','','','',1,'刘欣航','5374b26590e7ab235452e24b867f348b','',NULL,NULL,0,'6-1',''),('dsbxxwy39',NULL,NULL,'','','','','',1,'贾文豪','5374b26590e7ab235452e24b867f348b','',NULL,NULL,0,'6-1',''),('dsbxxwy40',NULL,NULL,'','','','','',1,'李芝尧','5374b26590e7ab235452e24b867f348b','',NULL,NULL,0,'6-1',''),('dsbxxwy41',NULL,NULL,'','','','','',1,'霍震霄','5374b26590e7ab235452e24b867f348b','',NULL,NULL,0,'6-1',''),('dsbxxwy42',NULL,NULL,'','','','','',1,'马  鑫','5374b26590e7ab235452e24b867f348b','',NULL,NULL,0,'6-1',''),('dsbxxwy43',NULL,NULL,'','','','','',1,'王梓轩','5374b26590e7ab235452e24b867f348b','',NULL,NULL,0,'6-1',''),('dsbxxwy44',NULL,NULL,'','','','','',1,'丁嘉鹏','5374b26590e7ab235452e24b867f348b','',NULL,NULL,0,'6-1',''),('dsbxxwy45',NULL,NULL,'','','','','',1,'丁子轩','5374b26590e7ab235452e24b867f348b','',NULL,NULL,0,'6-1',''),('dsbxxwy46',NULL,NULL,'','','','','',1,'勉文昊','5374b26590e7ab235452e24b867f348b','',NULL,NULL,0,'6-1',''),('dsbxxwy47',NULL,NULL,'','','','','',1,'吴诗祺','5374b26590e7ab235452e24b867f348b','',NULL,NULL,0,'6-1',''),('dsbxxwy48',NULL,NULL,'','','','','',1,'季瑞婷','5374b26590e7ab235452e24b867f348b','',NULL,NULL,0,'6-1',''),('dsbxxwy49',NULL,NULL,'','','','','',1,'刘子祺','5374b26590e7ab235452e24b867f348b','',NULL,NULL,0,'6-1',''),('dsbxxwy50',NULL,NULL,'','','','','',1,'郑昌寅','5374b26590e7ab235452e24b867f348b','',NULL,NULL,0,'6-1',''),('dsbxxwy51',NULL,NULL,'','','','','',1,'白尚鑫','5374b26590e7ab235452e24b867f348b','',NULL,NULL,0,'6-1',''),('dsbxxwy52',NULL,NULL,'','','','','',1,'王琳琳','5374b26590e7ab235452e24b867f348b','',NULL,NULL,0,'6-1','');
/*!40000 ALTER TABLE `person` ENABLE KEYS */;
UNLOCK TABLES;

--
-- Table structure for table `sport`
--

DROP TABLE IF EXISTS `sport`;
/*!40101 SET @saved_cs_client     = @@character_set_client */;
/*!40101 SET character_set_client = utf8 */;
CREATE TABLE `sport` (
  `id` bigint(20) NOT NULL AUTO_INCREMENT,
  `pid` varchar(254) NOT NULL,
  `classes` varchar(254) DEFAULT NULL,
  `knowledge` int(11) DEFAULT NULL,
  `awareness_activity_active` int(11) DEFAULT NULL,
  `awareness_activity_like` int(11) DEFAULT NULL,
  `behavior_act` int(11) DEFAULT NULL,
  `behavior_practice` int(11) DEFAULT NULL,
  `behavior_protect` int(11) DEFAULT NULL,
  `activity_activity` int(11) DEFAULT NULL,
  `activity_race` int(11) DEFAULT NULL,
  `score` int(11) DEFAULT NULL,
  PRIMARY KEY (`id`)
) ENGINE=InnoDB AUTO_INCREMENT=175 DEFAULT CHARSET=utf8mb4;
/*!40101 SET character_set_client = @saved_cs_client */;

--
-- Dumping data for table `sport`
--

LOCK TABLES `sport` WRITE;
/*!40000 ALTER TABLE `sport` DISABLE KEYS */;
INSERT INTO `sport` VALUES (88,'dsbxxwy01','6-1',2,1,1,1,1,1,1,2,30),(89,'dsbxxwy02','6-1',2,1,1,1,1,1,1,2,30),(90,'dsbxxwy03','6-1',2,1,1,1,1,1,1,2,30),(91,'dsbxxwy04','6-1',2,1,1,1,1,1,1,2,30),(92,'dsbxxwy05','6-1',2,1,1,1,1,1,1,2,30),(93,'dsbxxwy06','6-1',2,1,1,1,1,1,1,2,30),(94,'dsbxxwy07','6-1',2,1,1,1,1,1,1,2,30),(95,'dsbxxwy08','6-1',2,1,1,1,1,1,1,2,30),(96,'dsbxxwy09','6-1',2,1,1,1,1,1,1,2,30),(97,'dsbxxwy10','6-1',2,1,1,1,1,1,1,2,30),(98,'dsbxxwy11','6-1',2,1,1,1,1,1,1,2,30),(99,'dsbxxwy12','6-1',2,1,1,1,1,1,1,2,30),(100,'dsbxxwy13','6-1',2,1,1,1,1,1,1,2,30),(101,'dsbxxwy14','6-1',2,1,1,1,1,1,1,2,30),(102,'dsbxxwy15','6-1',2,1,1,1,1,1,1,2,30),(103,'dsbxxwy16','6-1',2,1,1,1,1,1,1,2,30),(104,'dsbxxwy17','6-1',2,1,1,1,1,1,1,2,30),(105,'dsbxxwy18','6-1',2,1,1,1,1,1,1,2,30),(106,'dsbxxwy19','6-1',2,1,1,1,1,1,1,2,30),(107,'dsbxxwy20','6-1',2,1,1,1,1,1,1,2,30),(108,'dsbxxwy21','6-1',2,1,1,1,1,1,1,2,30),(109,'dsbxxwy22','6-1',2,1,1,1,1,1,1,2,30),(110,'dsbxxwy23','6-1',2,1,1,1,1,1,1,2,30),(111,'dsbxxwy24','6-1',2,1,1,1,1,1,1,2,30),(112,'dsbxxwy25','6-1',2,1,1,1,1,1,1,2,30),(113,'dsbxxwy26','6-1',2,1,1,1,1,1,1,2,30),(114,'dsbxxwy27','6-1',2,1,1,1,1,1,1,2,30),(115,'dsbxxwy28','6-1',2,1,1,1,1,1,1,2,30),(116,'dsbxxwy29','6-1',2,1,1,1,1,1,1,2,30),(117,'dsbxxwy30','6-1',2,1,1,1,1,1,1,2,30),(118,'dsbxxwy31','6-1',2,1,1,1,1,1,1,2,30),(119,'dsbxxwy32','6-1',2,1,1,1,1,1,1,2,30),(120,'dsbxxwy33','6-1',2,1,1,1,1,1,1,2,30),(121,'dsbxxwy34','6-1',2,1,1,1,1,1,1,2,30),(122,'dsbxxwy35','6-1',2,1,1,1,1,1,1,2,30),(123,'dsbxxwy36','6-1',2,1,1,1,1,1,1,2,30),(124,'dsbxxwy37','6-1',2,1,1,1,1,1,1,2,30),(125,'dsbxxwy38','6-1',2,1,1,1,1,1,1,2,30),(126,'dsbxxwy39','6-1',2,1,1,1,1,1,1,2,30),(127,'dsbxxwy40','6-1',2,1,1,1,1,1,1,2,30),(128,'dsbxxwy41','6-1',2,1,1,1,1,1,1,2,30),(129,'dsbxxwy42','6-1',2,1,1,1,1,1,1,2,30),(130,'dsbxxwy43','6-1',2,1,1,1,1,1,1,2,30),(131,'dsbxxwy44','6-1',2,1,1,1,1,1,1,2,30),(132,'dsbxxwy45','6-1',2,1,1,1,1,1,1,2,30),(133,'dsbxxwy46','6-1',2,1,1,1,1,1,1,2,30),(134,'dsbxxwy47','6-1',2,1,1,1,1,1,1,2,30),(135,'dsbxxwy48','6-1',2,1,1,1,1,1,1,2,30),(136,'dsbxxwy49','6-1',2,1,1,1,1,1,1,2,30),(137,'dsbxxwy50','6-1',2,1,1,1,1,1,1,2,30),(138,'dsbxxwy51','6-1',2,1,1,1,1,1,1,2,30),(139,'dsbxxwy52','6-1',2,1,1,1,1,1,1,2,30),(140,'dsbxxws06','6-3',1,1,1,1,1,1,1,2,31),(141,'dsbxxws07','6-3',1,1,1,1,1,1,1,2,31),(142,'dsbxxws10','6-3',1,1,1,1,1,1,1,2,31),(143,'dsbxxws12','6-3',1,1,1,1,1,1,1,2,31),(144,'dsbxxws13','6-3',1,1,1,1,1,1,1,2,31),(145,'dsbxxws15','6-3',1,1,1,1,1,1,1,2,31),(146,'dsbxxws16','6-3',1,1,1,1,1,1,1,2,31),(147,'dsbxxws18','6-3',1,1,1,1,1,1,1,2,31),(148,'dsbxxws21','6-3',1,1,1,1,1,1,1,2,31),(149,'dsbxxws23','6-3',1,1,1,1,1,1,1,2,31),(150,'dsbxxws27','6-3',1,1,1,1,1,1,1,2,31),(151,'dsbxxws28','6-3',1,1,1,1,1,1,1,2,31),(152,'dsbxxws30','6-3',1,1,1,1,1,1,1,2,31),(153,'dsbxxws35','6-3',1,1,1,1,1,1,1,2,31),(154,'dsbxxws44','6-3',1,1,1,1,1,1,1,2,31),(155,'dsbxxws45','6-3',1,1,1,1,1,1,1,2,31),(156,'dsbxxww06','6-5',1,1,1,1,1,1,1,2,31),(157,'dsbxxww10','6-5',1,1,1,1,1,1,1,2,31),(158,'dsbxxww11','6-5',1,1,1,1,1,1,1,2,31),(159,'dsbxxww14','6-5',1,1,1,1,1,1,1,2,31),(160,'dsbxxww17','6-5',1,1,1,1,1,1,1,2,31),(161,'dsbxxww20','6-5',1,1,1,1,1,1,1,2,31),(162,'dsbxxww23','6-5',1,1,1,1,1,1,1,2,31),(163,'dsbxxww25','6-5',1,1,1,1,1,1,1,2,31),(164,'dsbxxww26','6-5',1,1,1,1,1,1,1,2,31),(165,'dsbxxww27','6-5',1,1,1,1,1,1,1,2,31),(166,'dsbxxww29','6-5',1,1,1,1,1,1,1,2,31),(167,'dsbxxww30','6-5',1,1,1,1,1,1,1,2,31),(168,'dsbxxww34','6-5',1,1,1,1,1,1,1,2,31),(169,'dsbxxww36','6-5',1,1,1,1,1,1,1,2,31),(170,'dsbxxww37','6-5',1,1,1,1,1,1,1,2,31),(171,'dsbxxww41','6-5',1,1,1,1,1,1,1,2,31),(172,'dsbxxww44','6-5',1,1,1,1,1,1,1,2,31),(173,'dsbxxww45','6-5',1,1,1,1,1,1,1,2,31),(174,'dsbxxww46','6-5',1,1,1,1,1,1,1,2,31);
/*!40000 ALTER TABLE `sport` ENABLE KEYS */;
UNLOCK TABLES;

--
-- Table structure for table `sport_data`
--

DROP TABLE IF EXISTS `sport_data`;
/*!40101 SET @saved_cs_client     = @@character_set_client */;
/*!40101 SET character_set_client = utf8 */;
CREATE TABLE `sport_data` (
  `id` bigint(20) NOT NULL AUTO_INCREMENT,
  `pid` varchar(254) NOT NULL,
  `classes` varchar(254) DEFAULT NULL,
  `height` varchar(254) DEFAULT NULL,
  `weight` varchar(254) DEFAULT NULL,
  `lung_capacity` varchar(254) DEFAULT NULL,
  `sit_reach` varchar(254) DEFAULT NULL,
  `jump_rope` varchar(254) DEFAULT NULL,
  `fifty_run` varchar(254) DEFAULT NULL,
  `sit_up` varchar(254) DEFAULT NULL,
  `fifty_eight_run` varchar(254) DEFAULT NULL,
  `glasses` varchar(254) DEFAULT NULL,
  `ucva_right` varchar(254) DEFAULT NULL,
  `ucva_left` varchar(254) DEFAULT NULL,
  `glasses_right` varchar(254) DEFAULT NULL,
  `glasses_left` varchar(254) DEFAULT NULL,
  `sph_right` varchar(254) DEFAULT NULL,
  `sph_left` varchar(254) DEFAULT NULL,
  `cyl_right` varchar(254) DEFAULT NULL,
  `cyl_left` varchar(254) DEFAULT NULL,
  `self_assessment` varchar(254) DEFAULT NULL,
  `score` varchar(254) DEFAULT NULL,
  PRIMARY KEY (`id`)
) ENGINE=InnoDB DEFAULT CHARSET=utf8mb4;
/*!40101 SET character_set_client = @saved_cs_client */;

--
-- Dumping data for table `sport_data`
--

LOCK TABLES `sport_data` WRITE;
/*!40000 ALTER TABLE `sport_data` DISABLE KEYS */;
/*!40000 ALTER TABLE `sport_data` ENABLE KEYS */;
UNLOCK TABLES;

--
-- Table structure for table `sport_data_grade`
--

DROP TABLE IF EXISTS `sport_data_grade`;
/*!40101 SET @saved_cs_client     = @@character_set_client */;
/*!40101 SET character_set_client = utf8 */;
CREATE TABLE `sport_data_grade` (
  `id` bigint(20) NOT NULL AUTO_INCREMENT,
  `pid` varchar(254) NOT NULL,
  `classes` varchar(254) DEFAULT NULL,
  `height_cm` varchar(254) DEFAULT NULL,
  `height_m` varchar(254) DEFAULT NULL,
  `weight` varchar(254) DEFAULT NULL,
  `bmi` varchar(254) DEFAULT NULL,
  `lung_capacity` varchar(254) DEFAULT NULL,
  `fifty_run` varchar(254) DEFAULT NULL,
  `sit_reach` varchar(254) DEFAULT NULL,
  `jump_rope` varchar(254) DEFAULT NULL,
  `sit_up` varchar(254) DEFAULT NULL,
  `fifty_eight_run` varchar(254) DEFAULT NULL,
  `bmi_score` varchar(254) DEFAULT NULL,
  `lung_capacity_score` varchar(254) DEFAULT NULL,
  `fifty_run_score` varchar(254) DEFAULT NULL,
  `sit_reach_score` varchar(254) DEFAULT NULL,
  `jump_rope_score` varchar(254) DEFAULT NULL,
  `sit_up_score` varchar(254) DEFAULT NULL,
  `fifty_eight_run_score` varchar(254) DEFAULT NULL,
  `score` varchar(254) DEFAULT NULL,
  `grade` varchar(254) DEFAULT NULL,
  PRIMARY KEY (`id`)
) ENGINE=InnoDB AUTO_INCREMENT=281 DEFAULT CHARSET=utf8mb4;
/*!40101 SET character_set_client = @saved_cs_client */;

--
-- Dumping data for table `sport_data_grade`
--

LOCK TABLES `sport_data_grade` WRITE;
/*!40000 ALTER TABLE `sport_data_grade` DISABLE KEYS */;
INSERT INTO `sport_data_grade` VALUES (49,'dsbxxwy49','6-1','152','1.52','49','21.208448753462605','1396','8.74','2','100','32','1.52','100','62','80','66','72','74','76','76.5','C'),(50,'dsbxxwy39','6-1','147','1.47','69','31.93113980285992','2194','10.41','3','57','29','2.2','60','78','62','68','60','70','50','64.9','C'),(51,'dsbxxwy27','6-1','147','1.47','37','17.122495256606044','2026','8.4','10','136','30','2.07','100','76','100','80','85','72','66','83.89999999999999','B'),(52,'dsbxxwy24','6-1','167','1.67','70','25.099501595611173','2998','8.04','5','82','15','2.22','60','100','100','72','66','40','50','70.80000000000001','C'),(53,'dsbxxwy30','6-1','140','1.4','38','19.38775510204082','1965','8.96','4','102','32','2.19','100','74','78','70','72','74','50','75.7','C'),(54,'dsbxxwy23','6-1','155','1.55','55','22.892819979188342','2324','8.46','-5','112','35','2.15','100','80','95','30','76','76','62','78','C'),(55,'dsbxxwy02','6-1','148','1.48','44','20.08765522279036','2047','9.11','1','81','34','1.48','100','76','76','66','66','76','80','78','C'),(56,'dsbxxwy03','6-1','148','1.48','40','18.261504747991236','2816','8.86','0','17','25','1.38','100','95','78','64','0','66','95','73.95','C'),(57,'dsbxxwy04','6-1','148','1.48','37','16.89189189189189','2110','8.74','3','104','22','1.42','100','78','80','68','72','64','90','78.5','C'),(58,'dsbxxwy35','6-1','148','1.48','56','25.56610664718773','2522','9.8','0','108','25','2.03','60','85','70','64','74','66','70','69.75','C'),(59,'dsbxxwy05','6-1','138','1.38','30','15.752993068683052','1705','9','-6','135','39','1.45','100','68','78','20','85','80','85','75.8','C'),(60,'dsbxxwy22','6-1','135','1.35','39','21.399176954732507','2258','9.68','-1','81','17','1.59','100','80','70','62','66','50','72','71','C'),(61,'dsbxxwy50','6-1','142','1.42','40','19.837333862328904','2312','9.4','5','82','26','1.46','100','80','74','72','66','68','80','77.2','C'),(62,'dsbxxwy34','6-1','152','1.52','54','23.372576177285318','1799','8.83','-3','81','23','2.09','100','70','78','50','66','64','66','72.1','C'),(63,'dsbxxwy21','6-1','148','1.48','46','21.00073046018992','2373','9.11','1','87','27','1.53','100','80','76','66','68','68','76','76.80000000000001','C'),(64,'dsbxxwy38','6-1','148','1.48','49','22.37034331628926','2512','9.41','-10','42','21','1.51','100','85','72','0','10','62','78','63.349999999999994','C'),(65,'dsbxxwy46','6-1','143','1.43','33','16.137708445400754','2190','7.82','4','50','36','1.46','100','78','100','70','40','78','80','81.30000000000001','B'),(66,'dsbxxwy25','6-1','146','1.46','34','15.950459748545695','1921','8.91','1','78','29','1.59','100','72','78','66','66','70','72','75.8','C'),(67,'dsbxxwy28','6-1','137','1.37','28','14.918216207576322','1879','8.35','11','87','39','1.37','100','72','100','80','68','80','95','86.1','B'),(68,'dsbxxwy09','6-1','151','1.51','38','16.66593570457436','2459','9.47','8','82','16','1.53','100','85','72','76','66','50','76','73.94999999999999','C'),(69,'dsbxxww16','6-1','145','1.45','42','19.976218787158146','2012','9.32','3','51','28','1.57','100','74','74','68','40','70','74','73.10000000000001','C'),(70,'dsbxxwy01','6-1','150','1.5','31','13.777777777777779','2118','9.91','0','77','28','2','80','78','68','64','66','70','72','71.5','C'),(71,'dsbxxwy12','6-1','152','1.52','43','18.611495844875346','2760','9.83','-7','49','30','2.35','100','90','68','10','30','72','10','61.5','C'),(72,'dsbxxwy08','6-1','153','1.53','50','21.35930624973301','2500','9.33','6','85','24','2.04','100','85','74','74','68','66','68','76.75','C'),(73,'dsbxxwy11','6-1','150','1.5','50','22.22222222222222','2091','8.86','6','165','30','1.58','100','76','78','74','100','72','72','81','B'),(74,'dsbxxwy29','6-1','145','1.45','50','23.781212841854934','1264','8.3','4','181','27','1.57','100','50','100','70','100','68','74','80.5','B'),(75,'dsbxxwy40','6-1','154','1.54','46','19.396188227357058','2853','8.2','9','135','33','1.47','100','95','100','78','85','74','80','88.35','B'),(76,'dsbxxwy52','6-1','153','1.53','49','20.932120124738347','2313','8.3','11','129','25','1.41','100','80','100','80','80','66','90','85.2','B'),(77,'dsbxxwy10','6-1','154','1.54','59','24.87771968291449','2114','10.41','11','98','19','2.17','60','90','66','76','70','60','64','68.7','C'),(78,'dsbxxwy07','6-1','150','1.5','37','16.444444444444443','1941','8.55','21','104','31','1.39','100','80','85','100','72','72','100','85.60000000000001','B'),(79,'dsbxxwy20','6-1','155','1.55','55','22.892819979188342','2621','9.69','18','50','30','1.54','100','100','74','90','30','72','78','79','C'),(80,'dsbxxwy18','6-1','141','1.41','38','19.11372667370857','1273','10.04','12','88','20','1.52','100','64','70','78','68','62','80','73.60000000000001','C'),(81,'dsbxxwy45','6-1','151','1.51','46','20.174553747642648','2168','9.15','-6','108','18','1.51','100','95','78','0','74','60','80','72.25','C'),(82,'dsbxxwy48','6-1','162','1.62','46','17.527815881725342','1460','9.59','-5','18','22','1.53','100','70','74','0','0','64','80','61.099999999999994','C'),(83,'dsbxxwy47','6-1','146','1.46','37','17.357853255770316','2160','9.87','-6','99','14','1.52','100','95','72','0','70','40','80','66.65','C'),(84,'dsbxxwy32','6-1','152','1.52','45','19.47714681440443','1769','9.66','9','96','23','1.58','100','76','74','72','70','64','76','75.8','C'),(85,'dsbxxwy16','6-1','135','1.35','28','15.363511659807955','1686','10.7','10','106','38','1.54','100','74','64','74','72','80','78','77.3','C'),(86,'dsbxxwy33','6-1','155','1.55','50','20.811654526534856','2664','8.52','3','80','35','1.57','100','100','85','60','66','76','76','82.39999999999999','B'),(87,'dsbxxwy14','6-1','148','1.48','39','17.804967129291455','2730','9.03','9','157','30','1.48','100','100','80','72','95','72','85','85.60000000000001','B'),(88,'dsbxxwy44','6-1','150','1.5','35','15.555555555555555','2118','8.89','2','80','30','1.56','100','90','80','60','66','72','78','79.3','C'),(89,'dsbxxwy19','6-1','142','1.42','35','17.35766712953779','2041','10.07','11','74','19','2.06','100','85','70','76','64','60','70','74.75','C'),(90,'dsbxxwy31','6-1','147','1.47','43','19.899116109028647','2061','8.41','1','50','34','1.49','100','90','90','40','30','76','85','77.2','C'),(91,'dsbxxwy41','6-1','145','1.45','31','14.74435196195006','1966','7.8','3','111','40','1.41','100','85','100','60','74','80','100','87.15','B'),(92,'dsbxxwy17','6-1','149','1.49','45','20.269357236160534','9193','8.7','12','115','32','1.47','100','100','85','78','76','74','90','86.2','B'),(93,'dsbxxwy06','6-1','145','1.45','49','23.305588585017837','1953','11.5','4','55','0','2.3','60','85','40','62','50','0','40','44.95','D'),(94,'dsbxxwy37','6-1','150','1.5','34','15.11111111111111','2154','8.4','-3','21','30','1.45','100','95','95','0','0','72','90','71.65','C'),(95,'dsbxxwy15','6-1','142','1.42','35','17.35766712953779','1998','9.7','12','78','15','1.58','100','85','74','78','64','40','76','72.35','C'),(96,'dsbxxwy51','6-1','138','1.38','32','16.803192606595257','2434','9.7','5','67','24','1.5','100','100','74','64','62','66','85','79.1','C'),(141,'dsbxxws07','6-3','145','1.45','37','17.598097502972653','2418','8.3','6','110','29','1.53','100','80','100','74','74','70','76','83.39999999999999','B'),(142,'dsbxxws50','6-3','159','1.59','65','25.71100826707804','2896','10.1','-6','66','21','2.13','60','95','66','20','62','62','62','63.25000000000001','C'),(143,'dsbxxws41','6-3','151','1.51','37','16.227358449190824','2835','9','12','44','27','1.5','100','95','78','85','20','68','78','76.75','C'),(144,'dsbxxws44','6-3','158','1.58','48','19.227687870533565','2688','9','19','132','37','1.48','100','85','78','100','85','78','80','85.45','B'),(145,'dsbxxws40','6-3','151','1.51','47','20.613131003026183','2598','8.8','1','106','30','1.43','100','85','80','66','74','72','85','80.65','B'),(146,'dsbxxws24','6-3','140','1.4','45','22.95918367346939','2040','11.1','-5','95','19','2.17','100','76','40','30','70','60','60','62.4','C'),(147,'dsbxxws47','6-3','141','1.41','35','17.6047482521','2184','8.6','-6','50','18','1.35','100','78','90','20','40','60','100','72.7','C'),(148,'dsbxxws28','6-3','153','1.53','41','17.51463112478107','2435','8.8','6','52','27','1.47','100','80','80','74','40','68','80','76','C'),(149,'dsbxxws01','6-3','144','1.44','33','15.914351851851853','1591','8.7','10','88','25','1.38','100','66','85','80','68','66','95','79.4','C'),(150,'dsbxxws43','6-3','157','1.57','55','22.313278429145196','2962','8.5','12','125','22','1.39','100','100','95','85','78','64','95','87.6','B'),(151,'dsbxxws38','6-3','141','1.41','43','21.628690709722854','2337','10','13','82','19','2.07','100','80','68','85','66','60','66','74.3','C'),(152,'dsbxxws39','6-3','151','1.51','38','16.66593570457436','1860','9.3','4','77','42','2.04','100','72','74','70','66','85','68','77.99999999999999','C'),(153,'dsbxxws05','6-3','142','1.42','42','20.829200555445347','2200','9','1','106','27','1.45','100','80','78','66','74','68','85','78.7','C'),(154,'dsbxxws06','6-3','142','1.42','33','16.365800436421345','2251','6.7','13','97','47','1.23','100','80','100','85','70','95','100','91.5','A'),(155,'dsbxxws23','6-3','146','1.46','35','16.419590917620567','2752','8.2','5','80','40','1.37','100','90','100','72','66','80','95','87.80000000000001','B'),(156,'dsbxxws22','6-3','141','1.41','50','25.149640360142854','2035','10.3','8','53','10','2.07','60','76','64','76','50','20','66','56.400000000000006','D'),(157,'dsbxxws19','6-3','142','1.42','35','17.35766712953779','2102','8.9','0','90','37','1.46','100','76','78','64','68','78','80','78.80000000000001','C'),(158,'dsbxxws25','6-3','0','0','0','0','2482','10.1','2','66','26','1.38','80','85','66','66','62','68','95','73.85000000000001','C'),(159,'dsbxxws03','6-3','148','1.48','35','15.97881665449233','1473','9.1','-5','48','30','1.45','100','62','76','30','30','72','85','68.4','C'),(160,'dsbxxws17','6-3','152','1.52','48','20.775623268698062','2486','8.9','16','82','26','1.45','100','85','78','95','66','68','85','81.55000000000001','B'),(161,'dsbxxws10','6-3','151','1.51','42','18.420244726108503','2143','9.8','10','122','23','1.52','100','78','70','80','78','64','76','76.89999999999999','C'),(162,'dsbxxws04','6-3','153','1.53','45','19.223375624759708','2264','9.3','-16','113','38','1.56','100','80','74','0','76','80','74','72.80000000000001','C'),(163,'dsbxxws08','6-3','146','1.46','55','25.802214299118038','2164','9.8','5','87','23','1.59','60','78','70','72','68','64','72','68.7','C'),(164,'dsbxxws20','6-3','151','1.51','44','19.297399236875574','2030','9.7','5','58','25','1.5','100','76','70','72','60','66','78','74.6','C'),(165,'dsbxxws14','6-3','157','1.57','43','17.444926771877153','2667','8.3','26','134','37','1.37','100','85','100','100','85','78','95','91.35','A'),(166,'dsbxxws37','6-3','145','1.45','44','20.92746730083234','2317','9.7','5','107','34','1.55','100','80','70','72','74','76','74','78.2','C'),(167,'dsbxxws12','6-3','158','1.58','63','25.236340330075304','2178','9.8','16','85','13','2.09','60','78','70','95','68','30','66','63.6','C'),(168,'dsbxxws35','6-3','153','1.53','45','19.223375624759708','1951','9.1','13','91','22','1.55','100','74','76','85','70','64','74','77.00000000000001','C'),(169,'dsbxxws15','6-3','143','1.43','40','19.560858721697887','2448','8.7','4','64','28','2.02','100','80','85','70','62','70','70','78.2','C'),(170,'dsbxxws16','6-3','152','1.52','44','19.04432132963989','2694','8.5','2','62','30','1.47','100','85','95','66','60','72','80','81.75','B'),(171,'dsbxxws27','6-3','127','1.27','26','16.12003224006448','1708','8','8','101','35','1.34','100','68','100','76','72','76','100','85.2','B'),(172,'dsbxxws45','6-3','152','1.52','37','16.014542936288088','2259','9.1','6','104','30','1.46','100','80','76','74','72','72','80','79.2','C'),(173,'dsbxxws02','6-3','135','1.35','31','17.009602194787377','1644','9.7','7','68','22','1.46','100','66','70','76','62','64','80','73.5','C'),(174,'dsbxxws31','6-3','155','1.55','44','18.314255983350673','2285','8.8','13','113','37','1.42','100','80','80','85','76','78','90','83.7','B'),(175,'dsbxxws11','6-3','153','1.53','39','16.660258874791747','2667','8.8','9','56','37','1.54','100','85','80','78','60','78','76','80.75','B'),(176,'dsbxxws49','6-3','156','1.56','79','32.462195923734384','3299','11.3','7','60','26','2.3','60','100','30','76','60','68','30','60.2','C'),(177,'dsbxxws34','6-3','136','1.36','36','19.4636678200692','1376','9.7','11','77','26','2.13','100','60','70','80','66','68','62','72.4','C'),(178,'dsbxxws26','6-3','145','1.45','47','22.35434007134364','2012','9.1','14','58','26','2.04','100','74','76','90','60','68','68','76.7','C'),(179,'dsbxxws29','6-3','142','1.42','49','24.300733981352906','3244','9.1','6','157','33','1.48','60','100','76','74','100','74','80','79.4','C'),(180,'dsbxxws33','6-3','145','1.45','41','19.500594530321045','1747','10.1','5','80','22','1.58','100','68','66','72','66','64','72','72.2','C'),(181,'dsbxxws32','6-3','142','1.42','39','19.34140051577068','1833',NULL,'15','110','23','1.53','100','70','100','90','74','64','76','82.3','B'),(182,'dsbxxws46','6-3','148','1.48','49','22.37034331628926','2027','8.3','3','160','18','1.49','100','76','100','68','100','60','78','83','B'),(183,'dsbxxws09','6-3','156','1.56','56','23.011176857330703','2327','9.7','3','96','21','2.11','100','80','70','68','70','62','64','73.60000000000001','C'),(184,'dsbxxws36','6-3','153','1.53','37','15.805886624802426','2040','11.4','-1','30','18','2.11','100','76','30','62','0','60','64','57','D'),(233,'dsbxxww33','6-5','140','1.4','43','21.938775510204085','1927','10.1','8','47','25','2.16','100','72','66','76','30','66','60','68.80000000000001','C'),(234,'dsbxxww50','6-5','160','1.6','47','18.359374999999996','2483','8.6','-20','52','36','1.58','100','85','90','0','40','78','72','72.55','C'),(235,'dsbxxww09','6-5','154','1.54','70','29.515938606847698','2388','10.4','2','116','10','2.21','60','80','64','66','76','20','50','57','D'),(236,'dsbxxww08','6-5','146','1.46','35','16.419590917620567','1767','9.5','8','49','25','1.32','100','70','72','76','30','66','100','73.7','C'),(237,'dsbxxww38','6-5','152','1.52','60','25.969529085872576','2818','8.3','3','79','35','1.58','60','95','100','68','66','76','72','79.05','C'),(238,'dsbxxww17','6-5','157','1.57','57','23.124670372023203','0','0','0','0','0','0','100','0','100','64','0','0','100','51.4','D'),(239,'dsbxxww05','6-5','150','1.5','42','18.666666666666668','1917','8.5','0','53','37','1.36','100','72','95','64','50','78','100','81.8','B'),(240,'dsbxxww10','6-5','148','1.48','35','15.97881665449233','1707','8.3','1','129','37','1.34','100','68','100','66','80','78','100','85.4','B'),(241,'dsbxxww24','6-5','145','1.45','49','23.305588585017837','2486','10.5','-1','73','26','1.36','100','85','62','62','64','68','100','76.35','C'),(242,'dsbxxww45','6-5','153','1.53','37','15.805886624802426','2537','8.7','2','95','31','1.35','100','85','85','66','70','72','100','82.75','B'),(243,'dsbxxww02','6-5','154','1.54','38','16.02293810086018','2161','9.2','-10','59','18','1.55','100','78','76','0','60','60','74','67.3','C'),(244,'dsbxxww19','6-5','152','1.52','54','23.372576177285318','2232','8.9','4','70','28','1.57','100','80','78','70','64','70','74','77.4','C'),(245,'dsbxxww27','6-5','146','1.46','37','17.357853255770316','2088','9.2','-3','60','24','2.1','100','76','76','50','60','66','64','72.2','C'),(246,'dsbxxww41','6-5','147','1.47','37','17.122495256606044','2417','8.7','-5','131','38','1.41','100','80','85','30','80','80','90','80','B'),(247,'dsbxxww35','6-5','142','1.42','35','17.35766712953779','1832','9.1','5','97','42','1.52','100','70','76','72','70','85','76','79.5','C'),(248,'dsbxxww12','6-5','151','1.51','38','16.66593570457436','1979','9.7','4','55','13','1.52','100','74','70','70','50','30','76','65.7','C'),(249,'dsbxxww25','6-5','146','1.46','38','17.82698442484519','2629','9.2','-6','73','35','1.45','100','85','76','20','64','76','85','75.05','C'),(250,'dsbxxww36','6-5','149','1.49','44','19.818927075356967','2507','9.3','2','56','22','1.51','100','85','74','66','60','64','78','75.75','C'),(251,'dsbxxww37','6-5','150','1.5','33','14.666666666666666','2048','9.2','-2','48','17','1.5','100','76','76','60','30','50','78','68.4','C'),(252,'dsbxxww23','6-5','146','1.46','34','15.950459748545695','1958','8.3','-1','135','30','1.42','100','74','100','62','85','72','90','84.2','B'),(253,'dsbxxww01','6-5','144','1.44','43','20.736882716049383','2356','9.1','7','127','20','1.47','100','80','76','76','80','62','80','78.2','C'),(254,'dsbxxww22','6-5','144','1.44','30','14.467592592592593','1732','8.7','-2','57','28','1.45','100','68','85','60','60','70','85','76.7','C'),(255,'dsbxxww40','6-5','140','1.4','46','23.469387755102044','2145','9.1','-4','82','32','1.55','100','78','76','40','66','74','74','74.7','C'),(256,'dsbxxww43','6-5','152','1.52','52','22.506925207756233','2113','8.3','-20','46','18','2.19','100','78','100','0','20','60','50','65.7','C'),(257,'dsbxxww30','6-5','138','1.38','32','16.803192606595257','1883','8.5','0','109','23','1.48','100','72','95','64','74','64','80','79.39999999999999','C'),(258,'dsbxxww49','6-5','148','1.48','41','18.718042366691016','2042','8.3','14','74','30','2.06','100','76','100','90','64','72','68','83','B'),(259,'dsbxxww48','6-5','156','1.56','49','20.134779750164363','2283','8.3','4','60','19','2.07','100','80','100','70','60','60','66','78.6','C'),(260,'dsbxxww44','6-5','146','1.46','37','17.357853255770316','2196','8.9','6','119','17','1.36','100','78','78','74','78','50','100','77.5','C'),(261,'dsbxxww16','6-5','150','1.5','35','15.555555555555555','2396','8.5','15','106','30','1.36','100','80','95','90','74','72','100','86.8','B'),(262,'dsbxxww46','6-5','145','1.45','37','17.598097502972653','2088','7.9','11','98','22','1.34','100','76','100','80','72','64','100','84.4','B'),(263,'dsbxxww15','6-5','144','1.44','32','15.4320987654321','1966','8.8','12','177','34','1.41','100','74','80','85','100','76','90','84.8','B'),(264,'dsbxxww47','6-5','148','1.48','45','20.54419284149014','2047','9.1','11','122','27','1.52','100','76','76','80','78','68','76','78.6','C'),(265,'dsbxxww20','6-5','147','1.47','36','16.65972511453561','1968','8.5','11','89','35','1.48','100','74','95','80','68','76','80','83.10000000000001','B'),(266,'dsbxxww28','6-5','143','1.43','35','17.115751381485648','1672','9.9','13','107','17','1.51','100','68','68','85','74','50','78','72.49999999999999','C'),(267,'dsbxxww18','6-5','147','1.47','33','15.271414688324311','2276','8.5','25','126','32','1.42','100','80','95','100','80','74','90','87.8','B'),(268,'dsbxxww26','6-5','146','1.46','40','18.765246762994934','2050','8.6','13','114','43','1.46','100','76','90','85','76','85','80','85.5','B'),(269,'dsbxxww06','6-5','148','1.48','40','18.261504747991236','2052','8.3','20','127','36','1.32','100','76','100','100','80','78','100','90','A'),(270,'dsbxxww32','6-5','143','1.43','32','15.648686977358308','1751','9.1','0','77','22','1.47','100','70','76','64','66','64','80','74.5','C'),(271,'dsbxxww39','6-5','150','1.5','74','32.888888888888886','2093','10.1','4','87','10','2.47','60','76','66','70','68','20','0','51.400000000000006','D'),(272,'dsbxxww14','6-5','145','1.45','39','18.549346016646847','2115','8.7','13','123','40','1.47','100','78','85','85','78','80','80','84','B'),(273,'dsbxxww29','6-5','145','1.45','39','18.549346016646847','1928','9.3','4','83','26','2.02','100','72','74','70','66','68','70','74.8','C'),(274,'dsbxxww07','6-5','137','1.37','29','15.45100964356119','1934','8.4','2','147','45','1.46','100','74','100','66','95','90','80','88.2','B'),(275,'dsbxxww04','6-5','135','1.35','27','14.814814814814813','1559','9','15','106','32','1.47','100','64','78','90','74','74','80','79.4','C'),(276,'dsbxxww21','6-5','143','1.43','40','19.560858721697887','1667','9.7','4','68','16','1.56','100','68','70','70','62','50','74','69.80000000000001','C'),(277,'dsbxxww31','6-5','139','1.39','33','17.07986129082346','1590','9.1','9','105','30','1.47','100','66','76','78','74','72','80','77.7','C'),(278,'dsbxxww03','6-5','146','1.46','45','21.110902608369305','1987','9.6','2','75','25','2','100','74','72','66','64','66','72','73.9','C'),(279,'dsbxxww13','6-5','140','1.4','26','13.265306122448981','1731','8.3','1','141','17','1.56','80','68','100','66','90','50','74','75.20000000000002','C'),(280,'dsbxxww11','6-5','144','1.44','33','15.914351851851853','2447','8.5','20','160','36','1.34','100','80','95','100','100','78','100','91.6','A');
/*!40000 ALTER TABLE `sport_data_grade` ENABLE KEYS */;
UNLOCK TABLES;
/*!40103 SET TIME_ZONE=@OLD_TIME_ZONE */;

/*!40101 SET SQL_MODE=@OLD_SQL_MODE */;
/*!40014 SET FOREIGN_KEY_CHECKS=@OLD_FOREIGN_KEY_CHECKS */;
/*!40014 SET UNIQUE_CHECKS=@OLD_UNIQUE_CHECKS */;
/*!40101 SET CHARACTER_SET_CLIENT=@OLD_CHARACTER_SET_CLIENT */;
/*!40101 SET CHARACTER_SET_RESULTS=@OLD_CHARACTER_SET_RESULTS */;
/*!40101 SET COLLATION_CONNECTION=@OLD_COLLATION_CONNECTION */;
/*!40111 SET SQL_NOTES=@OLD_SQL_NOTES */;

-- Dump completed on 2023-09-27 15:57:10
